timestamp,h_1_actuals,h_2_actuals,h_3_actuals,h_4_actuals,h_5_actuals,h_6_actuals,h_7_actuals,h_8_actuals,h_9_actuals,h_10_actuals,h_11_actuals,h_12_actuals,h_13_actuals,h_14_actuals,h_15_actuals,h_16_actuals,h_17_actuals,h_18_actuals,h_19_actuals,h_20_actuals,h_21_actuals,h_22_actuals,h_23_actuals,h_24_actuals,h_1_preds,h_2_preds,h_3_preds,h_4_preds,h_5_preds,h_6_preds,h_7_preds,h_8_preds,h_9_preds,h_10_preds,h_11_preds,h_12_preds,h_13_preds,h_14_preds,h_15_preds,h_16_preds,h_17_preds,h_18_preds,h_19_preds,h_20_preds,h_21_preds,h_22_preds,h_23_preds,h_24_preds
2017-02-24,0.12396887159533074,0.11019455252918288,0.12396887159533074,0.11019455252918288,0.11019455252918288,0.11019455252918288,0.12396887159533074,0.5371984435797665,0.0,0.22038910505836576,2.0110505836575876,2.162568093385214,2.1212451361867704,2.258988326848249,2.162568093385214,1.9008560311284046,2.258988326848249,2.3554085603112838,2.644669260700389,0.8126848249027236,0.3994552529182879,0.37190661478599224,0.8953307392996108,1.4187548638132297,0.15660888031125067,0.13221159808337687,0.19593174040317535,0.24478464648127554,0.343752478659153,0.4542032450437546,0.5752410113811492,0.5730084156990051,0.5392616379261017,0.4772632196545601,0.4348765540122986,0.45944106727838513,0.42265155762434004,0.4031850260496139,0.3866142645478248,0.4560502901673317,0.58291493922472,0.6690654176473617,0.6995998719334602,0.719876381456852,0.633058825135231,0.5652572616934776,0.5343672716617585,0.3803392168879509
2017-02-25,0.28926070038910506,0.12396887159533074,0.12396887159533074,0.8953307392996108,0.31680933852140075,0.6611673151750973,0.49587548638132295,0.688715953307393,1.6942412451361868,0.3994552529182879,0.1377431906614786,0.6611673151750973,1.198365758754864,0.2754863813229572,0.3994552529182879,0.33058365758754865,0.11019455252918288,0.12396887159533074,1.0055252918287938,1.7355642023346305,1.3498832684824902,1.473852140077821,0.4270038910505837,0.35813229571984434,0.7811433139443398,0.5023035389184952,0.38201492965221406,0.3316279712319374,0.31387112349271773,0.32574944615364076,0.5356215637922287,0.6785021486878395,0.7716722953319549,0.8624061253666877,0.9735781967639923,0.9218649423122406,0.9261507833003998,0.8850639331340789,0.8063118159770966,0.8370346936583519,0.9951079434156418,1.0705986267328262,1.1687751281261445,1.3916528910398482,1.356924117207527,1.318959440588951,1.2213664609193802,1.0049778056144714
2017-02-26,0.09642023346303503,0.7162645914396887,0.4270038910505837,0.7575875486381324,0.7713618677042803,1.1845914396887158,0.33058365758754865,0.5922957198443579,1.9284046692607002,0.785136186770428,1.3912062256809339,0.5509727626459144,1.074396887159533,0.46832684824902726,0.37190661478599224,0.22038910505836576,0.5647470817120622,0.4545525291828794,0.08264591439688716,0.08264591439688716,0.5234241245136186,1.0606225680933852,0.5371984435797665,0.09642023346303503,0.34699803471565244,0.3199108001589775,0.22139659255743027,0.22027790777385234,0.3330916813015938,0.48825206995010373,0.752124739587307,1.0186827063560486,1.0309574460983275,1.0556619054079055,1.0595322865247727,0.914311231970787,0.804349670112133,0.6400247937440872,0.5975544136762619,0.7241812652349472,0.9819578683376312,1.239012638926506,1.4510230350494384,1.5677909964323042,1.4278299719095229,1.1189488506317138,0.8332083588838577,0.541315252482891
2017-02-27,0.08264591439688716,0.0688715953307393,0.0688715953307393,0.0688715953307393,0.0688715953307393,0.0688715953307393,1.0055252918287938,2.1074708171206225,0.5234241245136186,1.2947859922178988,1.0468482490272373,1.4187548638132297,1.1570428015564203,1.666692607003891,0.2066147859922179,0.24793774319066147,0.7162645914396887,1.556498054474708,0.8677821011673152,0.688715953307393,1.4600778210116732,1.487626459143969,1.3912062256809339,0.3443579766536965,0.2218843464553356,0.17456260465085507,0.3006940931081772,0.3582908311486244,0.5174730992317199,0.6467387223243714,0.7454320165514946,0.6485913062095642,0.5268223705887795,0.46469940930604936,0.3818158507347107,0.36997366189956665,0.3672623589634895,0.3863806343078613,0.488516928255558,0.6635068747401237,0.8923316323757171,1.0389631193876265,1.0613813889026642,0.9584512585401535,0.7801833674311638,0.6863418701291084,0.6197502887248992,0.46179177045822145
2017-02-28,0.6336186770428015,0.8677821011673152,0.8126848249027236,1.074396887159533,0.785136186770428,1.2947859922178988,0.5785214007782101,1.377431906614786,0.9504280155642023,0.3994552529182879,0.15151750972762645,0.11019455252918288,0.11019455252918288,0.11019455252918288,1.267237354085603,2.066147859922179,2.272762645914397,3.526225680933852,1.873307392996109,1.3085603112840465,1.6391439688715952,1.198365758754864,2.2038910505836578,0.24793774319066147,0.34149973243474957,0.2733821430802345,0.2249009670317173,0.2983262461423874,0.4856204196810722,0.6853488492965698,0.894424123764038,0.945910552740097,0.8932048577070236,0.8145551812648772,0.7581866240501404,0.7190002548694611,0.599860543012619,0.5555243915319442,0.4503485834598541,0.6179852172732353,0.8886160200834274,1.144481697678566,1.289538277387619,1.377931637763977,1.2372652387619019,1.0371270990371704,0.8258295679092407,0.5808195993304253
2017-03-01,0.5371984435797665,0.5234241245136186,0.38568093385214014,0.49587548638132295,0.48210116731517505,0.35813229571984434,0.37190661478599224,1.3912062256809339,0.08264591439688716,0.5096498054474707,0.49587548638132295,0.8264591439688715,0.16529182879377433,0.8126848249027236,0.22038910505836576,0.9366536964980545,1.074396887159533,1.5014007782101169,0.11019455252918288,0.11019455252918288,0.22038910505836576,1.3912062256809339,2.0936964980544746,0.6473929961089494,0.5409348186850548,0.6200573471188545,0.7555960133671761,0.849943225979805,0.9461041456460952,0.9394664937257766,0.9913181644678115,0.8325305199623108,0.5585894367098808,0.5286447814106942,0.510981987118721,0.5939378133416175,0.5089075890183449,0.519476653933525,0.5739722129702568,0.7820314675569534,0.9774866634607314,1.1259484738111496,1.205149494409561,1.1642932677268982,1.0564536845684052,0.9890326076745987,0.7533195295929909,0.6438511285185814
2017-03-02,0.5647470817120622,1.074396887159533,0.8402334630350194,0.9228793774319066,1.363657587548638,0.35813229571984434,1.1432684824902721,0.7024902723735409,0.785136186770428,0.49587548638132295,0.4270038910505837,0.8402334630350194,0.1377431906614786,0.7300389105058366,0.3994552529182879,0.8126848249027236,0.9228793774319066,2.658443579766537,1.0055252918287938,1.3223346303501946,1.666692607003891,0.33058365758754865,1.1019455252918289,0.1377431906614786,0.5745779952406883,0.4291951297223568,0.4298121213912964,0.4228151884675026,0.474494471848011,0.4761844798922539,0.514576907157898,0.4444500133395195,0.4162083426117897,0.450447806417942,0.4259843623638153,0.4524215573072433,0.47605054736137387,0.4824483972787857,0.4858333718776703,0.5168107160925866,0.6382367759943008,0.733864814043045,0.7520936170220375,0.8647481775283813,0.8276639530062675,0.7973304238915443,0.7200924459099769,0.5742821198701858
2017-03-03,0.7300389105058366,0.46832684824902726,0.9642023346303501,0.6473929961089494,0.785136186770428,0.6749416342412451,1.198365758754864,0.2754863813229572,0.0,0.688715953307393,0.2066147859922179,0.7713618677042803,0.7438132295719845,0.2066147859922179,0.7575875486381324,0.7713618677042803,0.688715953307393,1.8182101167315177,1.3223346303501946,1.377431906614786,2.4105058365758754,2.272762645914397,0.7575875486381324,1.2947859922178988,0.3873134672641754,0.29818914860486984,0.34574951872229576,0.36332451045513153,0.4067717170715332,0.4343646141886711,0.6147414547204971,0.5562451690435409,0.5120947507023811,0.5971956601738929,0.5892075526714324,0.6577542114257813,0.7196665415167809,0.7204714554548264,0.773198145031929,0.8936203175783157,1.0578263479471206,1.1782369154691696,1.1812826013565063,1.1665723890066146,0.998324328660965,0.9091167175769805,0.8381833800673485,0.6905760687589645
2017-03-04,0.9091050583657588,0.1377431906614786,0.12396887159533074,0.5096498054474707,0.12396887159533074,0.5371984435797665,0.5509727626459144,0.12396887159533074,0.7162645914396887,2.8099610894941636,0.7300389105058366,0.24793774319066147,0.48210116731517505,0.8953307392996108,0.4132295719844358,0.4132295719844358,0.4132295719844358,0.4132295719844358,1.0330739299610896,0.881556420233463,1.7493385214007782,2.176342412451362,1.666692607003891,0.33058365758754865,0.8247864344716072,0.6175953412055969,0.5037243631482125,0.5014103212952614,0.5160805490612984,0.5376269119977951,0.7173853102326393,0.7828170749545097,0.7943791079521179,0.7937275913357734,0.823948024213314,0.7892380821704864,0.7184530252218246,0.6448342323303222,0.5745073628425598,0.6273229891061782,0.7685980188846588,0.8849027815461159,1.0557523190975189,1.2895798444747923,1.296588962674141,1.2251288098096846,1.0308605968952178,0.8724503266811371
2017-03-05,0.5922957198443579,0.5785214007782101,0.48210116731517505,0.7162645914396887,0.6749416342412451,0.35813229571984434,0.5785214007782101,0.7024902723735409,0.8126848249027236,1.9284046692607002,0.881556420233463,1.2947859922178988,1.1019455252918289,1.969727626459144,0.3994552529182879,1.0468482490272373,1.1570428015564203,1.1570428015564203,1.1570428015564203,2.4242801556420233,3.140544747081712,1.2121400778210116,1.570272373540856,1.074396887159533,0.45794607639312745,0.39991109043359757,0.25036510705947873,0.2764374294877052,0.33614364445209505,0.4897288620471954,0.7138123342394829,0.9739234989881516,1.0557436680793761,1.120990490913391,1.10063738822937,1.0201482099294663,0.8834725150465965,0.713952596783638,0.5934235525131225,0.6685020464658737,0.727744165956974,0.8671538463234901,1.0773298573493957,1.3210279834270477,1.3114915019273758,1.125886756181717,0.8282186731696128,0.5523010960221291
2017-03-06,0.5922957198443579,0.5647470817120622,0.5234241245136186,0.4407782101167315,0.2754863813229572,0.3994552529182879,1.088171206225681,0.8953307392996108,0.7713618677042803,0.19284046692607007,0.11019455252918288,0.4270038910505837,0.24793774319066147,0.9917509727626459,1.8182101167315177,1.4187548638132297,0.19284046692607007,0.17906614785992217,0.24793774319066147,0.7024902723735409,2.741089494163424,1.2534630350194553,1.198365758754864,1.3361089494163423,0.7369008994102478,0.47368945240974425,0.418475489616394,0.36201794296503065,0.502481939792633,0.5876866614818573,0.8398093494772911,0.8069249305129051,0.8058441862463951,0.9200066614151001,0.8178403526544571,0.7493579962849617,0.6876240143179894,0.5742271542549133,0.5520231556892395,0.6711276304721833,0.8905382341146469,1.1616618812084198,1.3880514299869537,1.499885673522949,1.3453560179471968,1.1469157987833023,0.9625243055820465,0.7826530748605728
2017-03-07,0.33058365758754865,0.4132295719844358,0.4270038910505837,0.4545525291828794,0.4270038910505837,0.46832684824902726,0.4270038910505837,1.5289494163424124,0.2754863813229572,2.5207003891050586,2.176342412451362,2.19011673151751,1.8182101167315177,2.1350194552529187,2.1212451361867704,2.0936964980544746,2.217665369649805,2.176342412451362,2.0523735408560313,1.2396887159533074,1.2259143968871595,0.8540077821011673,0.9504280155642023,0.1377431906614786,0.8868928849697113,0.7743654522299767,0.7397838512063026,0.6364559322595597,0.6702200120687485,0.6685880291461944,0.729026310145855,0.6388450902700424,0.5084808406233787,0.4851021498441696,0.47914381384849547,0.5175675219297409,0.46028496354818343,0.5351643258333206,0.5600301477313041,0.779009308218956,1.0591200971603394,1.1804410260915756,1.2481039094924926,1.247131091952324,1.1414068937301636,1.0646584367752074,0.8959488129615784,0.7967175203561783
2017-03-08,0.1377431906614786,0.688715953307393,0.11019455252918288,0.5785214007782101,0.6611673151750973,0.2066147859922179,0.5647470817120622,0.8126848249027236,0.8402334630350194,2.038599221789883,0.3994552529182879,0.3030350194552529,0.22038910505836576,0.12396887159533074,1.8595330739299611,3.54,3.057898832684825,2.245214007782101,2.1350194552529187,2.1350194552529187,2.1074708171206225,0.7713618677042803,0.7989105058365757,0.49587548638132295,0.2487342846393585,0.18107741475105285,0.1523412512987852,0.20567886628210544,0.3139100794494152,0.46593149363994596,0.6301737105846404,0.6585231497883797,0.6559067970514297,0.7732253640890121,0.8267615041136741,0.85972003698349,0.8455542057752609,0.839780706167221,0.7829496359825134,0.8396760499477386,0.9492775923013687,1.0539877223968506,1.0887502562999725,1.1485592812299728,1.0945276594161988,0.9518059051036835,0.7776248288154601,0.5312787526845932
2017-03-09,0.7575875486381324,0.38568093385214014,0.4545525291828794,0.785136186770428,0.5922957198443579,0.35813229571984434,0.8126848249027236,0.688715953307393,1.1157198443579768,0.881556420233463,0.49587548638132295,0.9091050583657588,0.19284046692607007,1.1570428015564203,0.6749416342412451,0.8677821011673152,1.0192996108949415,2.176342412451362,1.2810116731517511,1.170817120622568,0.5922957198443579,1.473852140077821,1.198365758754864,0.16529182879377433,0.4968038123846054,0.4421671995520592,0.5306567233800888,0.5573498091101646,0.7073950722813606,0.7501673412322998,0.8870595753192901,0.756989776790142,0.6280109560489654,0.6743434354662895,0.6570197188854218,0.6761038649082184,0.6464312946796417,0.6583475446701049,0.7670194190740585,0.9612815129756928,1.294441294670105,1.5022018253803253,1.5358682119846343,1.532158613204956,1.250772854089737,1.0762252700328827,0.8291895917057991,0.6677619624137878
2017-03-10,0.11019455252918288,0.09642023346303503,0.1377431906614786,0.12396887159533074,0.12396887159533074,0.1377431906614786,0.12396887159533074,0.12396887159533074,0.2754863813229572,2.465603112840467,0.881556420233463,0.12396887159533074,0.11019455252918288,0.11019455252918288,0.11019455252918288,0.11019455252918288,0.11019455252918288,1.0468482490272373,3.057898832684825,1.2947859922178988,0.8264591439688715,0.8677821011673152,1.3361089494163423,0.24793774319066147,0.40146057218313214,0.35549955904483793,0.37668215721845627,0.39300773620605467,0.4613288354873657,0.5053263312578201,0.7181239172816276,0.7008323782682419,0.6589488431811332,0.7063477715849876,0.6743672257661819,0.6671229475736618,0.6473218747973442,0.6025146120786666,0.5681815695762634,0.6771574428677559,0.8536564117670059,1.051322786808014,1.1594162034988402,1.230134795308113,1.108940994143486,0.9997706311941147,0.8852483475208283,0.7093016722798348
2017-03-11,0.1377431906614786,0.12396887159533074,0.12396887159533074,0.11019455252918288,0.31680933852140075,0.2066147859922179,0.12396887159533074,0.2066147859922179,1.0468482490272373,1.198365758754864,0.1377431906614786,1.2947859922178988,0.5647470817120622,1.5978210116731515,2.079922178988327,1.2396887159533074,1.556498054474708,1.6391439688715952,0.46832684824902726,2.272762645914397,2.438054474708171,0.7575875486381324,0.31680933852140075,0.6749416342412451,0.40554200649261474,0.3059134264290333,0.22322364538908004,0.2247653464972973,0.23233749300241469,0.23471834287047386,0.40580802530050275,0.5092309999465943,0.5792926946282386,0.6391998347640038,0.7050495386123657,0.6768511229753494,0.6269770011305809,0.5370406472682953,0.44876924514770505,0.4230174323916435,0.55866180986166,0.6569922360777855,0.8230596596002578,1.0613352853059768,1.1449729067087173,1.0506686854362488,0.8449430429935455,0.6046443450450897
2017-03-12,0.31680933852140075,0.0,0.33058365758754865,0.5371984435797665,0.6060700389105058,0.28926070038910506,0.37190661478599224,0.5234241245136186,0.5096498054474707,2.1212451361867704,1.776887159533074,1.0606225680933852,1.5151750972762648,1.4325291828793774,0.9779766536964981,0.7300389105058366,0.08264591439688716,0.9642023346303501,1.8870817120622567,1.2810116731517511,1.3912062256809339,1.4600778210116732,1.4600778210116732,0.881556420233463,0.536935252547264,0.4053746040165424,0.3211437284946442,0.2714866733551025,0.3061444455385208,0.3337005758285522,0.5397341734170914,0.7289720830321312,0.8043722471594811,0.9392219442129135,0.996223502755165,0.9195578634738922,0.8836194768548011,0.775992740392685,0.7678824108839035,0.846257153749466,1.006967750787735,1.1621982443332672,1.30525084733963,1.399144778251648,1.3389057344198227,1.1225324821472167,1.0027487969398499,0.7899897184967994
2017-03-13,0.37190661478599224,0.1377431906614786,0.12396887159533074,0.4270038910505837,0.12396887159533074,0.38568093385214014,0.2617120622568093,0.7300389105058366,0.38568093385214014,0.4545525291828794,0.5096498054474707,1.1432684824902721,1.1845914396887158,1.9835019455252918,2.217665369649805,2.1212451361867704,2.176342412451362,0.38568093385214014,0.9779766536964981,2.8650583657587547,0.7300389105058366,1.170817120622568,0.3994552529182879,0.23416342412451363,0.667035698890686,0.461524960398674,0.4240309730172157,0.36328183561563493,0.45203848600387575,0.49555257976055145,0.6806169533729554,0.631175065934658,0.6348532256484032,0.7330025079846382,0.6642935898900032,0.6438288152217865,0.6281542780995368,0.5677247536182404,0.5425127327442169,0.625765120089054,0.7900525966286659,0.9580065751075745,1.108454954624176,1.2019164401292801,1.1516462177038191,1.061045687198639,0.9712635219097138,0.7803726875782013
2017-03-14,0.37190661478599224,0.1377431906614786,0.12396887159533074,0.12396887159533074,0.4407782101167315,0.12396887159533074,0.22038910505836576,0.4270038910505837,0.5647470817120622,0.11019455252918288,1.9284046692607002,2.1212451361867704,1.3223346303501946,1.3223346303501946,0.0,0.8402334630350194,0.9366536964980545,1.074396887159533,0.3443579766536965,0.3994552529182879,1.088171206225681,0.3994552529182879,0.5509727626459144,0.4270038910505837,0.365382345020771,0.2930460128188133,0.27562539428472516,0.22824250191450118,0.30357672840356825,0.3423068618774414,0.45316675812005996,0.4239933621883392,0.43974285721778866,0.5371151831746102,0.6250167542695999,0.650502178966999,0.6555924063920975,0.6879928958415985,0.6965259647369385,0.8373568385839462,1.0972412306070327,1.2074228131771088,1.2835291957855224,1.2910316330194473,1.1159673088788986,0.9311126697063445,0.7476565942168235,0.5697775769233704
2017-03-15,0.2754863813229572,0.31680933852140075,0.3030350194552529,0.11019455252918288,0.1377431906614786,0.28926070038910506,0.12396887159533074,0.22038910505836576,0.33058365758754865,0.4270038910505837,0.16529182879377433,0.16529182879377433,1.3085603112840465,1.9284046692607002,1.1570428015564203,1.1432684824902721,1.0606225680933852,1.2534630350194553,0.11019455252918288,0.11019455252918288,0.11019455252918288,0.4407782101167315,0.5096498054474707,0.15151750972762645,0.33166576668620107,0.23332302331924437,0.2008419580757618,0.15082510761916637,0.22858627438545226,0.28294652938842774,0.42372325524687765,0.4236799210309982,0.45936605662107466,0.5609668314456939,0.5757949930429459,0.5577027073502541,0.5660849636793136,0.5614542424678802,0.5381007134914398,0.5905550014972687,0.7811683702468872,0.9222552931308746,0.9996999460458755,1.0678692305088042,1.005768740773201,0.8187766671180725,0.6815039992332458,0.5058227097988128
2017-03-16,0.12396887159533074,0.11019455252918288,0.11019455252918288,0.11019455252918288,0.5509727626459144,0.17906614785992217,0.11019455252918288,0.4270038910505837,1.0192996108949415,0.12396887159533074,0.11019455252918288,0.11019455252918288,0.11019455252918288,0.11019455252918288,0.3030350194552529,1.8595330739299611,1.3085603112840465,2.851284046692607,0.6611673151750973,1.942178988326848,2.2314396887159536,1.4187548638132297,0.5922957198443579,0.4545525291828794,0.26758342891931536,0.20776974879205226,0.2476022145152092,0.21716791950166225,0.2651611438393593,0.28020368188619615,0.35393942177295684,0.3026369060575962,0.3220589956641197,0.3816553321480751,0.38913746058940885,0.44019194528460504,0.4805106747150421,0.5141197746992111,0.5285472464561463,0.5720103308558464,0.7503198418021202,0.8268870493769646,0.8487033346295356,0.9158694702386856,0.8341633468866348,0.7423668658733368,0.6696289470791816,0.5288546741008758
2017-03-17,0.5785214007782101,0.5922957198443579,0.5096498054474707,0.4132295719844358,0.7024902723735409,0.688715953307393,0.6611673151750973,0.6336186770428015,0.9779766536964981,0.881556420233463,1.2534630350194553,1.666692607003891,0.15151750972762645,0.1377431906614786,0.15151750972762645,0.12396887159533074,0.9917509727626459,1.5014007782101169,1.088171206225681,1.0055252918287938,2.024824902723735,1.2947859922178988,1.170817120622568,0.28926070038910506,0.4924197506904602,0.3467404295504093,0.2911427888274193,0.25106177777051925,0.2700224357843399,0.23976381182670592,0.44938621044158933,0.4320174452662468,0.47849435448646543,0.6008216500282287,0.5654644641280174,0.5180062445998191,0.5285322654247284,0.4612035012245178,0.43995441153645515,0.47431897222995756,0.6178900033235549,0.7654201412200927,0.9244175201654434,1.0651215827465057,1.0431898802518844,0.9069554400444031,0.803348947763443,0.6883450555801391
2017-03-18,0.5647470817120622,0.5785214007782101,0.5647470817120622,0.49587548638132295,0.5509727626459144,0.8402334630350194,0.5785214007782101,1.2259143968871595,0.785136186770428,2.2038910505836578,0.9779766536964981,0.28926070038910506,1.5978210116731515,1.7906614785992216,0.8264591439688715,0.2066147859922179,0.1377431906614786,0.19284046692607007,0.5922957198443579,2.2038910505836578,0.2066147859922179,0.33058365758754865,0.3994552529182879,0.17906614785992217,0.4564929163455963,0.3919272556900978,0.2939521014690399,0.3075233861804008,0.3324386876821518,0.3717079272866249,0.5449386575818062,0.6416990822553634,0.6591830536723137,0.6950163093209266,0.7738775137066841,0.7564945587515831,0.698499399125576,0.6341376703977585,0.5499029177427291,0.569163882136345,0.7374424847960472,0.8531572902202607,0.9872480714321136,1.1819329047203064,1.1900288861989974,1.0997449618577957,0.8578914016485214,0.6197433784604073
2017-03-19,0.15151750972762645,0.1377431906614786,0.1377431906614786,0.12396887159533074,0.4132295719844358,0.11019455252918288,0.0,0.4407782101167315,0.12396887159533074,1.4187548638132297,0.5509727626459144,0.2754863813229572,0.1377431906614786,0.11019455252918288,0.11019455252918288,0.33058365758754865,0.12396887159533074,0.12396887159533074,0.31680933852140075,0.48210116731517505,0.31680933852140075,0.46832684824902726,0.4270038910505837,0.19284046692607007,0.23548904836177825,0.2515571013092995,0.20381653681397438,0.2056374442577362,0.25744733691215516,0.3909690235555172,0.5670532447099685,0.768792033791542,0.8389516326785087,0.891398377418518,0.9502017742395401,0.8735365569591522,0.8076977723836899,0.6910009181499481,0.6318026340007782,0.679368727505207,0.8001750791072846,0.9238541489839553,1.025631583929062,1.1306519901752472,1.09036567568779,0.9274819850921631,0.7501987802982331,0.5069226551055908
2017-03-20,0.1377431906614786,0.12396887159533074,0.11019455252918288,0.4270038910505837,0.35813229571984434,0.22038910505836576,0.48210116731517505,0.12396887159533074,2.8650583657587547,0.0688715953307393,0.6198443579766537,0.0688715953307393,0.4270038910505837,0.49587548638132295,0.16529182879377433,1.6391439688715952,2.1074708171206225,0.8264591439688715,0.6060700389105058,2.1074708171206225,1.3498832684824902,0.37190661478599224,0.8126848249027236,0.1377431906614786,0.20321096554398535,0.144025868922472,0.18015493400394916,0.1378074089437723,0.22201010271906851,0.30365231931209563,0.3637795592844486,0.3727487924695015,0.34073485583066937,0.3415294307470322,0.30407825008034706,0.2796692441403866,0.290099338889122,0.2845245225727558,0.3373637545108795,0.41846847385168073,0.5948137816786766,0.7069632598757744,0.7899328011274338,0.7960912710428237,0.7177748697996139,0.6068279358744622,0.4850970330834389,0.30372200220823287
2017-03-21,0.12396887159533074,0.12396887159533074,0.12396887159533074,0.17906614785992217,0.28926070038910506,0.3443579766536965,0.28926070038910506,0.3030350194552529,0.6473929961089494,1.4600778210116732,1.377431906614786,0.15151750972762645,0.3030350194552529,0.12396887159533074,0.0,1.363657587548638,0.6473929961089494,0.48210116731517505,1.680466926070039,0.35813229571984434,0.46832684824902726,1.6253696498054473,3.236964980544747,0.9366536964980545,0.21808536261320113,0.17892536848783494,0.15676968902349472,0.17663203105330466,0.2882283452153206,0.3783248220384121,0.49905655860900877,0.4906453424692154,0.49695172369480134,0.4999045693874359,0.5298616209626198,0.5292909175157546,0.507919684946537,0.4933260503411293,0.4677688854932785,0.5939943087100983,0.8293437802791596,0.9745244282484055,1.0656180667877198,1.0892659413814545,0.9599383896589279,0.756395916044712,0.5666721251606941,0.36133715003728867
2017-03-22,0.2066147859922179,0.1377431906614786,0.12396887159533074,0.4545525291828794,0.12396887159533074,0.3994552529182879,0.2617120622568093,0.9228793774319066,2.245214007782101,1.473852140077821,1.198365758754864,1.776887159533074,0.08264591439688716,0.08264591439688716,0.08264591439688716,0.09642023346303503,0.08264591439688716,0.08264591439688716,0.0688715953307393,0.0688715953307393,0.3443579766536965,0.7989105058365757,0.7713618677042803,1.7355642023346305,0.7230963537096977,0.525721792280674,0.36555684238672254,0.3212410524487495,0.381592401266098,0.39187215819954874,0.5039132085442543,0.46456336677074433,0.44377196341753006,0.5546151378750801,0.5834975641965866,0.6341880995035172,0.664302504658699,0.6628911226987838,0.5808815807104111,0.5683158713579177,0.6409907537698746,0.7291818702220917,0.7663741797208786,0.8918519228696823,0.9685333871841431,0.9057974696159362,0.8100326505303382,0.6292917814850807
2017-03-23,0.1377431906614786,0.46832684824902726,0.46832684824902726,0.11019455252918288,0.38568093385214014,0.3443579766536965,0.0688715953307393,0.08264591439688716,1.7355642023346305,2.3003112840466926,1.4325291828793774,1.2259143968871595,1.5427237354085606,0.5234241245136186,0.688715953307393,0.6060700389105058,0.6611673151750973,0.8953307392996108,2.038599221789883,0.5647470817120622,0.49587548638132295,0.9228793774319066,0.9779766536964981,0.2617120622568093,0.8055418226122856,0.5434730485081672,0.4362007400393486,0.36796309143304823,0.3800002446770668,0.4079969702661037,0.511657557785511,0.5137552714347839,0.5888858297467232,0.6544895070791245,0.5666251248121261,0.5225008177757263,0.4983763986825943,0.470049694776535,0.4492283821105957,0.4743913981318474,0.642554794549942,0.8006885486841202,0.8787400388717651,1.037566612958908,0.9846645820140838,0.871028341948986,0.7926921594142914,0.7048638582229614
2017-03-24,0.33058365758754865,0.33058365758754865,0.1377431906614786,0.5509727626459144,0.16529182879377433,0.5371984435797665,0.1377431906614786,1.5427237354085606,0.49587548638132295,0.8402334630350194,0.6473929961089494,0.8264591439688715,0.3030350194552529,1.2810116731517511,0.6198443579766537,2.1074708171206225,2.148793774319066,2.217665369649805,1.5289494163424124,2.0110505836575876,0.7300389105058366,0.3994552529182879,0.4407782101167315,0.6336186770428015,0.30781469866633415,0.20900785982608794,0.16334628269076348,0.1592085640132427,0.21608465641736985,0.33456567764282225,0.5522466579079628,0.6482563957571983,0.7205501058697701,0.7936087980866432,0.7970772233605384,0.7784663513302803,0.7397148540616035,0.659908103942871,0.5795841389894485,0.6146900233626366,0.729185351729393,0.8809725290536881,0.978578907251358,1.0761579608917236,0.9923391956090927,0.8855193775892257,0.7574634727835655,0.5326850178837776
2017-03-25,0.12396887159533074,0.4270038910505837,0.1377431906614786,0.3994552529182879,0.22038910505836576,0.2617120622568093,0.12396887159533074,0.1377431906614786,0.09642023346303503,0.15151750972762645,1.80443579766537,0.2754863813229572,0.4545525291828794,0.7438132295719845,0.17906614785992217,0.1377431906614786,0.1377431906614786,0.1377431906614786,0.9091050583657588,0.8402334630350194,0.48210116731517505,1.2259143968871595,1.0055252918287938,0.2617120622568093,0.3731354507803917,0.30689476311206815,0.22978003576397896,0.30582583487033843,0.3760717856884003,0.48377949357032773,0.6544733127951622,0.7278710299730301,0.7350551202893257,0.7039504900574683,0.8070805960893631,0.7672293645143509,0.7087606143951416,0.6468768221139908,0.6094032490253448,0.6648333290219307,0.8081789588928222,0.8877233827114105,0.9459442073106765,1.0608435487747192,1.017942305803299,0.9298132234811782,0.7333739215135574,0.519538899064064
2017-03-26,0.3994552529182879,0.3994552529182879,0.38568093385214014,0.3994552529182879,0.38568093385214014,0.38568093385214014,0.0,0.4407782101167315,1.170817120622568,0.9642023346303501,0.1377431906614786,0.8677821011673152,0.23416342412451363,0.6336186770428015,0.17906614785992217,0.7713618677042803,0.881556420233463,0.9366536964980545,3.140544747081712,1.3085603112840465,1.267237354085603,1.556498054474708,1.377431906614786,1.7217898832684824,0.32218786418437956,0.2761927217245102,0.1795288297533989,0.15183715805411338,0.16893739879131317,0.1839313407987356,0.299105391651392,0.41932677090167997,0.49820828408002854,0.5536806696653366,0.5814776569604874,0.5301424625515938,0.5114552083611488,0.4164387023448944,0.36280407786369323,0.3692984077334404,0.42758601397275925,0.5286450451612472,0.6432611712813378,0.7940645590424538,0.8455294132232666,0.7132329270243645,0.5560925102233887,0.37097757562994954
2017-03-27,1.570272373540856,1.7355642023346305,1.487626459143969,1.5427237354085606,1.377431906614786,0.3994552529182879,1.0055252918287938,1.0606225680933852,1.1294941634241245,1.473852140077821,0.688715953307393,0.8540077821011673,1.2259143968871595,0.2617120622568093,0.15151750972762645,0.09642023346303503,0.1377431906614786,0.15151750972762645,1.1432684824902721,0.8540077821011673,1.2810116731517511,0.35813229571984434,0.24793774319066147,1.556498054474708,0.9567314994335174,0.6686823990941048,0.5794081118702888,0.4713703992962837,0.5454594594240189,0.5976260483264922,0.7649369502067566,0.6883742263913154,0.6309911262989044,0.6680507692694664,0.5650465250015259,0.4864175793528557,0.4459507539868355,0.40380578935146333,0.4568691301345825,0.5922152584791184,0.8146098303794861,1.0360987883806227,1.1875235724449158,1.2155191111564636,1.0966196233034133,0.9510149699449539,0.8188583770394325,0.7624737837910652
2017-03-28,1.1845914396887158,1.088171206225681,0.9917509727626459,1.0468482490272373,0.9917509727626459,1.267237354085603,1.4187548638132297,1.1294941634241245,1.3498832684824902,1.2396887159533074,1.80443579766537,0.46832684824902726,1.2121400778210116,1.5840466926070038,2.3554085603112838,0.35813229571984434,0.785136186770428,1.2259143968871595,1.4463035019455255,0.9366536964980545,1.4049805447470818,1.0468482490272373,0.5509727626459144,0.11019455252918288,0.8795890519022942,0.7806720972061157,0.7267183873057366,0.6426521185040474,0.6240963703393936,0.6523774981498718,0.7107904386520386,0.6890401965379714,0.6806558829545974,0.6462507310509682,0.6322886735200882,0.6260119906067848,0.5555919116735458,0.5599722808599472,0.5182645091414452,0.5724256852269173,0.68684151917696,0.7391459968686104,0.8285911944508553,0.8977282851934433,0.9575367826223373,0.9850847893953323,0.9305907601118087,0.8784274417161941
2017-03-29,0.5509727626459144,0.7300389105058366,0.7024902723735409,0.9228793774319066,1.1570428015564203,0.9228793774319066,0.785136186770428,0.7300389105058366,1.1845914396887158,1.570272373540856,2.3691828793774317,0.49587548638132295,0.19284046692607007,0.22038910505836576,0.24793774319066147,0.17906614785992217,0.35813229571984434,1.1570428015564203,0.12396887159533074,0.08264591439688716,0.31680933852140075,0.688715953307393,0.9091050583657588,0.7438132295719845,0.26567814767360687,0.22276999443769455,0.2187862005829811,0.3025042922794819,0.4142972061038017,0.5908163255453109,0.7402506369352341,0.7285303008556366,0.7191866737604141,0.7509275758266449,0.7607629922032356,0.7424545365571975,0.6931751722097397,0.6665047162771225,0.5950220918655396,0.6258324292302132,0.658986137509346,0.772206442952156,0.7988854971528053,0.8842513176798821,0.8761337614059448,0.821467028260231,0.7238265207409859,0.5859936466813087
2017-03-30,0.12396887159533074,0.5647470817120622,0.49587548638132295,0.09642023346303503,0.6198443579766537,0.3994552529182879,0.2754863813229572,0.49587548638132295,0.48210116731517505,2.258988326848249,2.3003112840466926,0.8402334630350194,0.31680933852140075,0.6198443579766537,0.08264591439688716,0.04132295719844358,0.4407782101167315,0.1377431906614786,0.9779766536964981,0.7713618677042803,0.9366536964980545,1.3498832684824902,0.9091050583657588,0.22038910505836576,0.4574804511666298,0.34770902708172796,0.3231532967090607,0.33348451137542723,0.42163326948881147,0.5357311785221099,0.610810674726963,0.6229787537455559,0.6440552714467048,0.6555105909705162,0.641624071598053,0.6243558481335639,0.6018949037790299,0.5754516953229905,0.5372420471906661,0.5507476580142975,0.6828361505270004,0.8032828518748283,0.8273254027962684,0.9349602627754211,0.8653483682870865,0.7990894818305969,0.68829963773489,0.5364262667298317
2017-03-31,0.1377431906614786,0.1377431906614786,0.11019455252918288,0.09642023346303503,0.1377431906614786,0.12396887159533074,0.11019455252918288,0.2066147859922179,0.2066147859922179,0.7300389105058366,1.487626459143969,0.35813229571984434,0.6611673151750973,0.6336186770428015,0.3994552529182879,0.38568093385214014,0.9779766536964981,1.776887159533074,2.479377431906615,1.873307392996109,0.28926070038910506,0.31680933852140075,0.24793774319066147,0.05509727626459144,0.32859439149498937,0.23679234534502028,0.18653372794389725,0.17494086250662802,0.23900864124298096,0.3351801636815071,0.5411362713575363,0.5971781471371651,0.6371368306875229,0.6943985000252724,0.6717847913503646,0.6580772531032563,0.6479594126343727,0.5942969888448715,0.5451506075263023,0.5729657408595085,0.7074247705936432,0.8625898012518882,0.9362207794189453,1.0009947502613068,0.9079733061790466,0.7977393954992295,0.6908907759189605,0.5116870978474617
2017-04-01,0.24793774319066147,0.09642023346303503,0.05509727626459144,0.08264591439688716,0.09642023346303503,0.0688715953307393,0.05509727626459144,0.09642023346303503,0.09642023346303503,0.5647470817120622,2.0110505836575876,2.0523735408560313,0.9228793774319066,0.0688715953307393,0.08264591439688716,0.11019455252918288,0.11019455252918288,0.09642023346303503,0.0688715953307393,1.5427237354085606,1.0192996108949415,0.46832684824902726,0.5785214007782101,0.1377431906614786,0.2025805753469467,0.16900825537741185,0.1355451413244009,0.1666601501405239,0.19352971136569977,0.23990048736333847,0.35928859949111935,0.42635276913642883,0.46960601359605786,0.4884338468313217,0.567490965127945,0.5406063964962959,0.5072803008556366,0.4407700601220131,0.4330690450966358,0.4349078875780106,0.5483731117844581,0.6232542148232459,0.7165113991498947,0.8489047345519065,0.8792921742796898,0.7686739262938499,0.5907120385766029,0.4110808999836445
2017-04-02,0.15151750972762645,0.15151750972762645,0.1377431906614786,0.09642023346303503,0.1377431906614786,0.1377431906614786,0.48210116731517505,0.09642023346303503,0.1377431906614786,0.6060700389105058,0.8126848249027236,0.33058365758754865,0.48210116731517505,0.9779766536964981,0.5922957198443579,0.2617120622568093,0.12396887159533074,0.11019455252918288,0.1377431906614786,0.1377431906614786,0.46832684824902726,0.17906614785992217,0.3994552529182879,0.2617120622568093,0.2921049244701862,0.26689153209328653,0.17195994056761266,0.11921212457120418,0.15321296006441115,0.18991028890013695,0.34051486149430277,0.5139654806256294,0.6188008922338486,0.7110536089539528,0.7379903474450111,0.6463189369440079,0.6185955888032914,0.5257979106903076,0.4651442509889603,0.48545694708824155,0.6059384635090828,0.7418159964680672,0.868447859287262,0.9988078361749649,1.0392415344715118,0.8911950784921646,0.7651228415966034,0.5490345454216004
2017-04-03,0.1377431906614786,0.11019455252918288,0.1377431906614786,0.1377431906614786,0.49587548638132295,0.08264591439688716,0.4545525291828794,0.7575875486381324,0.35813229571984434,1.9008560311284046,0.3030350194552529,0.8953307392996108,0.4270038910505837,0.2617120622568093,0.3443579766536965,0.2066147859922179,0.23416342412451363,0.31680933852140075,1.7355642023346305,0.8264591439688715,0.37190661478599224,0.4407782101167315,0.2617120622568093,0.15151750972762645,0.2958894020318985,0.24627850323915482,0.2757344287633896,0.23504723981022835,0.2857460305094719,0.34094799265265463,0.38304482281208035,0.3897327983379364,0.3852340579032898,0.4077835169434547,0.36929666697978974,0.3564560504257679,0.3544064712524414,0.36419203877449036,0.3771598885953426,0.4231493604183197,0.4831828370690346,0.558380968272686,0.6009623873233795,0.6299128085374832,0.6039850741624831,0.5702438879013061,0.5592685943841934,0.44581993371248246
2017-04-04,0.1377431906614786,0.12396887159533074,0.09642023346303503,0.12396887159533074,0.12396887159533074,0.1377431906614786,0.1377431906614786,0.11019455252918288,0.785136186770428,0.19284046692607007,0.5922957198443579,0.5922957198443579,1.1432684824902721,0.2754863813229572,0.24793774319066147,0.17906614785992217,1.074396887159533,0.28926070038910506,1.0055252918287938,0.35813229571984434,0.33058365758754865,0.3443579766536965,0.5096498054474707,0.12396887159533074,0.13278666660189628,0.1692275507748127,0.18057365119457244,0.21138057298958302,0.3418542131781578,0.4809117865562439,0.5650227874517441,0.5806184631586074,0.573654235303402,0.5305949530005455,0.5464589157700539,0.5382720986008644,0.4863018983602524,0.46420456051826475,0.43136315926909446,0.5569638893008232,0.7625094428658485,0.9100791960954666,0.9895640122890472,0.9915634524822234,0.8619047883152962,0.6947927016019821,0.4954108402132988,0.27396519005298614
2017-04-05,0.11019455252918288,0.1377431906614786,0.1377431906614786,0.11019455252918288,0.09642023346303503,0.12396887159533074,0.12396887159533074,0.5096498054474707,1.3085603112840465,0.4407782101167315,0.31680933852140075,1.5978210116731515,2.3691828793774317,2.6722178988326846,1.873307392996109,0.3443579766536965,0.3443579766536965,0.38568093385214014,0.09642023346303503,0.05509727626459144,0.0688715953307393,0.7575875486381324,0.5234241245136186,0.08264591439688716,0.152411527633667,0.13026004180312156,0.11583220079541207,0.13977837726473807,0.22504484295845031,0.3149275499582291,0.4097267518937588,0.3979949954152107,0.40073652416467664,0.42271116524934765,0.457127183675766,0.4475783586502075,0.4502604380249977,0.4274819380044937,0.3965482972562313,0.4098141324520111,0.4834634149074554,0.5947077539563179,0.5878198027610778,0.6478373488783836,0.6635797753930092,0.5602130323648452,0.48969694823026655,0.34046664789319037
2017-04-06,0.05509727626459144,0.08264591439688716,0.08264591439688716,0.49587548638132295,0.6749416342412451,0.38568093385214014,0.37190661478599224,0.4270038910505837,0.9228793774319066,1.6942412451361868,0.9642023346303501,0.7024902723735409,2.5895719844357976,1.2396887159533074,0.9091050583657588,1.6115953307392996,0.8540077821011673,0.3443579766536965,1.363657587548638,0.6060700389105058,0.38568093385214014,0.7024902723735409,0.6611673151750973,0.37190661478599224,0.18683313757181166,0.1630932404100895,0.15995017781853677,0.14763512380421162,0.19483846798539162,0.2562227430939674,0.30947477102279664,0.33935929119586944,0.42966605633497235,0.5214641198515892,0.586784476339817,0.6087467211484909,0.6285995945334434,0.5902987414598465,0.5382482028007507,0.5198011198639869,0.6193756046891212,0.7023873987793923,0.7438433414697647,0.8590926799178124,0.8245562329888344,0.7090860298275947,0.5627862355113029,0.3611852824687958
2017-04-07,0.35813229571984434,0.7024902723735409,0.4270038910505837,0.2617120622568093,0.6473929961089494,0.4270038910505837,0.33058365758754865,0.6198443579766537,0.4407782101167315,0.8540077821011673,0.49587548638132295,0.17906614785992217,1.2259143968871595,0.24793774319066147,0.23416342412451363,0.24793774319066147,0.7575875486381324,0.23416342412451363,0.1377431906614786,0.12396887159533074,1.570272373540856,1.2534630350194553,0.38568093385214014,1.3223346303501946,0.29220372542738915,0.20803735010325908,0.17179385684430598,0.1664402613043785,0.2228876008093357,0.3358412280678749,0.5256680399179459,0.5725193694233894,0.6027310457825661,0.6432948258519172,0.6464207446575164,0.6560846176743508,0.6900307381153107,0.6402642792463302,0.6264708638191223,0.6550901198387146,0.7705986195802689,0.8988445830345153,0.9224781095981598,0.946104884147644,0.8222838109731674,0.6922394379973411,0.5800422737002373,0.4083345709741115
2017-04-08,1.198365758754864,1.1432684824902721,0.46832684824902726,0.6611673151750973,1.1432684824902721,0.9779766536964981,1.1432684824902721,0.9366536964980545,0.9917509727626459,1.1157198443579768,1.0468482490272373,1.0330739299610896,1.170817120622568,0.16529182879377433,0.8402334630350194,0.2066147859922179,0.09642023346303503,0.11019455252918288,0.12396887159533074,0.12396887159533074,1.074396887159533,0.08264591439688716,1.0192996108949415,1.0330739299610896,0.7169771298766136,0.5395891106128693,0.39871988743543624,0.35390930145978927,0.32926872253417966,0.35265464007854463,0.4082462936639786,0.5075136145949364,0.594501975774765,0.6090609535574912,0.673601610660553,0.6046707201004028,0.5868127503991127,0.5655636343359947,0.5141178756952286,0.4971997547149658,0.5422343176603317,0.5856611099839211,0.6596974727511405,0.7925964707136154,0.8632522898912429,0.8518539932370186,0.78047787129879,0.675953052341938
2017-04-09,0.15151750972762645,0.09642023346303503,0.11019455252918288,0.12396887159533074,0.35813229571984434,0.7438132295719845,0.5371984435797665,0.49587548638132295,1.0055252918287938,0.8677821011673152,0.9504280155642023,1.4600778210116732,0.881556420233463,0.2617120622568093,0.24793774319066147,0.15151750972762645,0.12396887159533074,0.12396887159533074,0.22038910505836576,0.0,2.465603112840467,1.7080155642023347,0.6473929961089494,0.17906614785992217,0.6437405115365982,0.6056056103110313,0.5150654259324073,0.4937690985202789,0.48814203321933747,0.5353257411718368,0.6390615767240524,0.7416802704334259,0.7917519941926002,0.7814535900950431,0.8008140939474105,0.7651788094639778,0.7049389216303825,0.6114708423614502,0.526646448969841,0.5467865994572639,0.5458837285637855,0.6004519245028496,0.6383635345101356,0.7391019505262375,0.7623662263154983,0.7300465500354767,0.6784688633680344,0.6004521882534027
2017-04-10,0.4270038910505837,0.7024902723735409,1.0330739299610896,0.23416342412451363,1.0606225680933852,0.9779766536964981,1.1570428015564203,0.8126848249027236,1.8870817120622567,1.7355642023346305,1.9146303501945523,1.0055252918287938,0.37190661478599224,0.37190661478599224,0.37190661478599224,0.3443579766536965,0.3443579766536965,1.1570428015564203,1.0468482490272373,0.9504280155642023,0.38568093385214014,0.6611673151750973,0.5785214007782101,0.1377431906614786,0.2940592633187771,0.21559427820146082,0.18825884118676184,0.17275273516774178,0.28267196506261827,0.39969412922859193,0.5331428360939026,0.5467697194218636,0.5359626460075378,0.5573978644609451,0.5139588868618011,0.42943928360939027,0.39957538872957227,0.3162013068795204,0.30826170310378076,0.3604431939125061,0.5007344868779182,0.7055851632356643,0.8240074208378791,0.9166349798440933,0.8562552514672279,0.7045564305782318,0.5389449262619018,0.3411961555480957
2017-04-11,0.4407782101167315,0.12396887159533074,0.2617120622568093,0.3443579766536965,1.0330739299610896,0.12396887159533074,0.33058365758754865,0.49587548638132295,0.24793774319066147,2.6722178988326846,1.9284046692607002,1.7080155642023347,1.487626459143969,0.9228793774319066,0.22038910505836576,0.1377431906614786,0.1377431906614786,0.7024902723735409,0.9504280155642023,0.46832684824902726,0.5096498054474707,0.785136186770428,0.7438132295719845,0.15151750972762645,0.14220833748579026,0.18335939772427082,0.1996317122876644,0.28288267537951467,0.4371548840403557,0.6353779309988021,0.7410963267087937,0.7529619893431664,0.7194930464029312,0.6359892520308494,0.6414586472511291,0.6179023468494416,0.5506692185997962,0.5132573103904724,0.4634247556328773,0.5858422011137009,0.7535231977701187,0.9010111355781555,0.9649995517730713,0.9583722388744355,0.8408473134040833,0.6930402901768684,0.49957899570465086,0.28298466771841047
2017-04-12,0.12396887159533074,0.09642023346303503,0.1377431906614786,0.1377431906614786,0.12396887159533074,0.09642023346303503,0.1377431906614786,0.4407782101167315,0.28926070038910506,1.8457587548638132,1.3498832684824902,1.2396887159533074,2.534474708171206,1.0468482490272373,0.35813229571984434,1.5289494163424124,0.6336186770428015,1.170817120622568,1.2810116731517511,1.4187548638132297,0.5234241245136186,0.5647470817120622,1.3085603112840465,0.4545525291828794,0.18351241260766982,0.16836193464696406,0.11599540963768959,0.11940321184694767,0.18912315174937247,0.3009722444415092,0.3987686285376549,0.4424833309650421,0.4963141331076622,0.5651807740330695,0.6505216965079308,0.6410481986403466,0.6575235879421234,0.6083630168437958,0.535928463935852,0.5295699656009674,0.5634137508273125,0.6525370144844055,0.6411811816692352,0.7058219057321549,0.7254614576697349,0.618329042494297,0.49920858442783356,0.28140527665615084
2017-04-13,0.1377431906614786,0.16529182879377433,0.15151750972762645,0.09642023346303503,0.15151750972762645,0.6060700389105058,0.5371984435797665,0.8126848249027236,0.2617120622568093,0.6611673151750973,0.11019455252918288,0.15151750972762645,0.688715953307393,0.08264591439688716,0.15151750972762645,0.7713618677042803,0.22038910505836576,1.4463035019455255,1.3085603112840465,1.2396887159533074,0.5371984435797665,0.4132295719844358,0.881556420233463,0.3994552529182879,0.4381618836522102,0.33140903189778326,0.2914114187657833,0.2833110062777996,0.3655375358462334,0.43032002583146095,0.5163953089714051,0.5181013530492783,0.5762082901597023,0.6849324399232865,0.7378715541958809,0.7358664697408676,0.7832453003525733,0.7627880162000656,0.7522791391611099,0.7653040382266044,0.9077643102407456,1.0313984370231628,1.0454192054271698,1.1317508804798126,1.0184071397781371,0.882514467537403,0.730260873734951,0.5445132806897163
2017-04-14,0.1377431906614786,0.12396887159533074,0.4132295719844358,0.11019455252918288,0.3994552529182879,0.35813229571984434,0.17906614785992217,0.7575875486381324,2.479377431906615,0.19284046692607007,0.12396887159533074,0.12396887159533074,0.08264591439688716,0.12396887159533074,0.1377431906614786,0.12396887159533074,0.09642023346303503,0.4407782101167315,0.7162645914396887,1.5840466926070038,1.2810116731517511,1.2121400778210116,1.2810116731517511,1.0055252918287938,0.3704403948783874,0.3170506364107132,0.28316739410161973,0.2665500542521477,0.31814799696207047,0.35042958766222,0.49622793942689897,0.5119328606128692,0.5370076784491539,0.5708070480823517,0.5346865153312683,0.498061586022377,0.5142488542199135,0.4942573535442352,0.46159142553806304,0.48774851739406583,0.5855802968144417,0.723753831088543,0.7721831274032592,0.8404552745819092,0.8169617468118667,0.7368675085902214,0.6886286401748657,0.5699073421955109
2017-04-15,0.15151750972762645,0.1377431906614786,0.09642023346303503,0.11019455252918288,0.49587548638132295,0.3443579766536965,0.6336186770428015,0.0,0.4545525291828794,1.0606225680933852,2.0936964980544746,0.4132295719844358,0.28926070038910506,0.7989105058365757,0.1377431906614786,0.12396887159533074,0.12396887159533074,0.09642023346303503,0.12396887159533074,0.38568093385214014,1.0330739299610896,0.16529182879377433,0.7989105058365757,0.4132295719844358,0.7281590983271599,0.5891738453507424,0.4551908853650093,0.4425088092684746,0.45773159444332123,0.49045939832925795,0.58267149746418,0.6689825999736786,0.7328022685647011,0.7288912698626518,0.7621933642029762,0.6637725242972374,0.6223733934760094,0.6003671550750732,0.5187917992472648,0.5208847653865815,0.5686251452565193,0.6502269288897514,0.7150471615791321,0.8789668115973472,0.9715246349573136,0.9877821135520934,0.9092756009101868,0.786900935769081
2017-04-16,0.1377431906614786,0.1377431906614786,0.12396887159533074,0.08264591439688716,0.15151750972762645,1.0330739299610896,0.3994552529182879,0.5371984435797665,0.5509727626459144,2.975252918287938,1.267237354085603,1.0468482490272373,0.35813229571984434,0.1377431906614786,0.785136186770428,0.11019455252918288,0.0688715953307393,0.05509727626459144,0.17906614785992217,0.0,0.5371984435797665,0.33058365758754865,0.33058365758754865,0.09642023346303503,0.32114752650260925,0.30488105401396753,0.19411356277763844,0.16087533563375472,0.18005613304674625,0.2792707434296608,0.4208290940523147,0.6162465736269951,0.7228622487187385,0.7663706454634667,0.7900806596875191,0.6875650396943093,0.6197038158774376,0.4964781332015991,0.4090667952597141,0.4044113078713417,0.4602424469590187,0.5897988814115525,0.7100229245424271,0.881960274875164,0.9199729013442993,0.8016351494193077,0.6229389801621437,0.41853802487254144
2017-04-17,0.05509727626459144,0.0688715953307393,0.08264591439688716,0.08264591439688716,0.08264591439688716,0.05509727626459144,0.04132295719844358,0.3443579766536965,1.5289494163424124,0.09642023346303503,0.11019455252918288,1.1570428015564203,0.4545525291828794,0.19284046692607007,0.1377431906614786,0.16529182879377433,0.16529182879377433,1.0055252918287938,0.6611673151750973,2.5069260700389107,1.0330739299610896,0.5096498054474707,0.3443579766536965,0.16529182879377433,0.13175297543406486,0.09954200394451618,0.12181485459208488,0.13297530099749566,0.2664959853887558,0.4467523446679115,0.5377120506763459,0.5943252101540565,0.5720604434609413,0.5526045146584511,0.5122068974375724,0.42635981127619743,0.3981870058178902,0.3395458947122097,0.3501182037591934,0.42172125667333604,0.538278217613697,0.7053950518369675,0.7528257885575295,0.7911465284228325,0.6884588375687599,0.5501720488071441,0.4281896334886551,0.23135557606816293
2017-04-18,0.1377431906614786,0.1377431906614786,0.09642023346303503,0.12396887159533074,0.1377431906614786,0.1377431906614786,0.1377431906614786,0.9091050583657588,0.24793774319066147,0.1377431906614786,0.1377431906614786,1.0330739299610896,0.5785214007782101,0.3994552529182879,0.2617120622568093,0.28926070038910506,0.38568093385214014,1.5427237354085606,0.7024902723735409,1.0055252918287938,0.4545525291828794,0.5785214007782101,0.5096498054474707,0.38568093385214014,0.19871122285723686,0.20547397166490555,0.16967595309019087,0.1754691284894943,0.26318396419286727,0.3585945662856102,0.47808111011981963,0.5140586373209953,0.5696500799059868,0.5758289641141892,0.6066822928190231,0.5448295176029205,0.512867012321949,0.45583332896232603,0.4062534472346306,0.4962324759364128,0.6803272497653962,0.8583569741249084,0.9729627084732055,1.0395489621162415,0.9492622947692871,0.7417179867625237,0.5351182222366333,0.328063593506813
2017-04-19,0.1377431906614786,0.1377431906614786,0.12396887159533074,0.12396887159533074,0.12396887159533074,0.12396887159533074,0.9228793774319066,1.5427237354085606,0.7989105058365757,0.2754863813229572,0.5509727626459144,0.49587548638132295,0.4545525291828794,0.05509727626459144,0.05509727626459144,0.04132295719844358,0.04132295719844358,0.04132295719844358,0.04132295719844358,0.04132295719844358,0.05509727626459144,0.05509727626459144,0.05509727626459144,0.05509727626459144,0.3122862200438976,0.26062331557273866,0.19888386078178882,0.18256161823868752,0.25814305812120436,0.3289754319190979,0.4197126643359661,0.4213216745853424,0.4391662985086441,0.49545963406562804,0.544920617043972,0.5086822932958602,0.5427237859368325,0.5408397102355957,0.5226713061332703,0.5409918415546418,0.638449569940567,0.776017427444458,0.7782856822013855,0.8347080445289612,0.8242686393857002,0.6837364366650581,0.5815741896629333,0.4273714528977871
2017-04-20,0.05509727626459144,0.05509727626459144,0.05509727626459144,0.05509727626459144,0.05509727626459144,0.04132295719844358,0.04132295719844358,0.04132295719844358,0.04132295719844358,0.04132295719844358,0.04132295719844358,0.22038910505836576,0.04132295719844358,0.04132295719844358,0.05509727626459144,0.05509727626459144,0.05509727626459144,0.04132295719844358,0.04132295719844358,0.04132295719844358,0.04132295719844358,0.04132295719844358,0.04132295719844358,0.04132295719844358,0.07027222037315368,0.09534842289984226,0.12015836924314499,0.13851527586579324,0.1811163179576397,0.28176339715719223,0.36103214889764784,0.34711023420095444,0.36408245041966436,0.35879243195056915,0.33884890750050545,0.3132095843553543,0.31545077830553053,0.27812656715512274,0.2811018843948841,0.29334618732333184,0.43281217843294145,0.5725860983133316,0.5788768655061721,0.6567334440350533,0.6089684826135635,0.4674093934893608,0.37712829127907754,0.25624553114175797
2017-04-21,0.04132295719844358,0.04132295719844358,0.04132295719844358,0.04132295719844358,0.04132295719844358,0.04132295719844358,0.04132295719844358,0.04132295719844358,0.04132295719844358,0.05509727626459144,0.05509727626459144,0.05509727626459144,0.05509727626459144,0.05509727626459144,0.05509727626459144,0.05509727626459144,0.05509727626459144,0.05509727626459144,0.05509727626459144,0.05509727626459144,0.05509727626459144,0.05509727626459144,0.05509727626459144,0.05509727626459144,0.12010596200823784,0.15104337438941,0.13891245782375336,0.07598012521862983,0.09598127916455268,0.11725235246121883,0.1915425619482994,0.2487529318034649,0.28347083911299703,0.3237679673731327,0.30469181299209597,0.2913828282058239,0.3054778951406479,0.29531091794371606,0.2495892848074436,0.21849343746900557,0.2996178062260151,0.40124772548675536,0.421667768061161,0.5133466163277626,0.5288038229942321,0.4665412849187851,0.46175257712602613,0.38195255264639855
2017-04-22,0.05509727626459144,0.05509727626459144,0.05509727626459144,0.05509727626459144,0.05509727626459144,0.05509727626459144,0.05509727626459144,0.0,0.05509727626459144,0.05509727626459144,0.2754863813229572,0.5785214007782101,0.5509727626459144,0.05509727626459144,0.05509727626459144,0.05509727626459144,0.05509727626459144,0.05509727626459144,0.04132295719844358,0.04132295719844358,0.04132295719844358,0.04132295719844358,0.04132295719844358,0.04132295719844358,0.15739485695958136,0.15393575526773928,0.14544392377138138,0.12852651491761208,0.13495667427778243,0.16719378344714642,0.1646714050322771,0.23535511583089827,0.2734816297888756,0.29304870307445524,0.35333585500717163,0.30938736408948897,0.3151199296116829,0.2932702799141407,0.29262438118457795,0.26971084088087083,0.3122508510947227,0.375319199860096,0.36849402129650116,0.4466346064209938,0.47661998480558393,0.41415820956230165,0.39716845393180844,0.3291729019582271
2017-04-23,0.04132295719844358,0.04132295719844358,0.04132295719844358,0.04132295719844358,0.04132295719844358,0.04132295719844358,0.04132295719844358,0.04132295719844358,0.04132295719844358,0.04132295719844358,0.04132295719844358,0.04132295719844358,0.04132295719844358,0.04132295719844358,0.04132295719844358,0.04132295719844358,0.04132295719844358,0.04132295719844358,0.04132295719844358,0.04132295719844358,0.04132295719844358,0.04132295719844358,0.04132295719844358,0.04132295719844358,0.06784634828567505,0.12328397154808045,0.09033869873732328,0.07834003329277038,0.07967248130589723,0.1482827500998974,0.24730370163917542,0.3804543176293373,0.4538660663366318,0.4767976471781731,0.4969494554400444,0.446309560239315,0.41643833309412004,0.32717602014541625,0.30289044946432114,0.2939156511425972,0.35144144028425217,0.4690503966808319,0.49638566225767133,0.5883230915665626,0.5962025865912437,0.47390825986862184,0.336314976811409,0.17545211657881737
2017-04-24,0.04132295719844358,0.04132295719844358,0.04132295719844358,0.04132295719844358,0.04132295719844358,0.04132295719844358,0.04132295719844358,0.04132295719844358,0.04132295719844358,0.04132295719844358,0.04132295719844358,0.04132295719844358,0.04132295719844358,0.04132295719844358,0.04132295719844358,0.05509727626459144,0.05509727626459144,0.05509727626459144,0.05509727626459144,0.05509727626459144,0.05509727626459144,0.05509727626459144,0.04132295719844358,0.04132295719844358,0.07121713310480117,0.08387758824974298,0.0880771366506815,0.045416566058993336,0.09871270626783371,0.18244583174586296,0.18244179636240004,0.2681629943847656,0.24058460354804992,0.23195331394672394,0.2051623899489641,0.1527223312854767,0.16259328804910184,0.15350146360695363,0.17510560110211373,0.23022706657648087,0.3007554942369461,0.4262950077652931,0.4345022392272949,0.5201632493734359,0.47549503594636916,0.381414158642292,0.3158916109800339,0.17767908118665218
2017-04-25,0.04132295719844358,0.04132295719844358,0.04132295719844358,0.04132295719844358,0.04132295719844358,0.04132295719844358,0.04132295719844358,0.04132295719844358,0.04132295719844358,0.05509727626459144,0.04132295719844358,0.05509727626459144,0.04132295719844358,0.0688715953307393,0.16529182879377433,0.05509727626459144,0.05509727626459144,0.04132295719844358,0.04132295719844358,0.04132295719844358,0.04132295719844358,0.04132295719844358,0.04132295719844358,0.6473929961089494,0.0942917326837778,0.14270020589232443,0.15771948114037512,0.13682066537439821,0.17097923688590527,0.21699596732854842,0.22754213869571685,0.2500121296942234,0.24491383150219917,0.23107560485601425,0.22823677852749824,0.21590564891695976,0.23244795173406602,0.23238069534301758,0.22232583850622176,0.296906002163887,0.4240542358160019,0.547857162952423,0.5670729732513428,0.6074799272418022,0.5411452388763428,0.43119818329811094,0.34854482620954513,0.22028108596801757
2017-04-26,0.3994552529182879,0.0688715953307393,0.0688715953307393,0.0688715953307393,0.0688715953307393,0.0688715953307393,0.0688715953307393,1.2534630350194553,1.0606225680933852,0.24793774319066147,0.8540077821011673,1.1294941634241245,0.19284046692607007,0.15151750972762645,0.35813229571984434,0.5922957198443579,0.49587548638132295,0.3030350194552529,0.12396887159533074,0.11019455252918288,0.12396887159533074,1.198365758754864,0.9366536964980545,0.4270038910505837,0.23909562617540359,0.21696955271065235,0.15744897857308388,0.161933107227087,0.18957109250128268,0.2526304605603218,0.26522378459572793,0.2734630617499351,0.2677092379331589,0.2517683655023575,0.3144123396277428,0.26876555889844894,0.30648753225803377,0.27492463544011114,0.26882941290736195,0.27096302300691605,0.3026772862672806,0.4187935200333595,0.34854767471551895,0.3928470593690872,0.4153584592044353,0.31826903209090235,0.31187632530927656,0.2267276506125927
2017-04-27,0.1377431906614786,0.1377431906614786,0.12396887159533074,0.12396887159533074,0.12396887159533074,0.1377431906614786,0.1377431906614786,0.5371984435797665,0.49587548638132295,0.12396887159533074,0.12396887159533074,0.1377431906614786,0.7438132295719845,0.3443579766536965,0.24793774319066147,0.35813229571984434,0.2617120622568093,0.12396887159533074,0.08264591439688716,0.08264591439688716,0.08264591439688716,0.23416342412451363,0.2754863813229572,0.09642023346303503,0.3798202085494995,0.3411728399991989,0.2900866261124611,0.288012228012085,0.29787776470184324,0.3408192032575607,0.3740790975093842,0.3624183690547943,0.40318866580724716,0.4285616800189018,0.46320684492588043,0.40655177548527716,0.4694346284866333,0.43064267188310623,0.41437187388539315,0.387284032702446,0.46883021771907807,0.590975789129734,0.5736400982737541,0.686327522099018,0.6857786571979523,0.5791343915462493,0.5095922327041625,0.38856826052069665
2017-04-28,0.08264591439688716,0.09642023346303503,0.08264591439688716,0.08264591439688716,0.08264591439688716,0.0688715953307393,0.08264591439688716,0.17906614785992217,0.28926070038910506,0.5922957198443579,0.16529182879377433,0.12396887159533074,1.1432684824902721,0.8264591439688715,0.22038910505836576,0.1377431906614786,0.17906614785992217,0.7438132295719845,0.5234241245136186,1.1294941634241245,1.3912062256809339,1.2259143968871595,0.46832684824902726,0.3443579766536965,0.11775188282132149,0.1483313725143671,0.14773048281669615,0.12160424977540969,0.133104380518198,0.1787599441409111,0.2569443118572235,0.28467103600502014,0.29740013882517813,0.2983162236213684,0.3056414996087551,0.3172168520092964,0.36647400856018064,0.329643512070179,0.31653922408819196,0.2848077642917633,0.33130192279815673,0.42475655078887936,0.3857135564088821,0.428883983194828,0.4234885700047016,0.3470069758594036,0.34351948142051697,0.24309637919068336
