timestamp,timestamp,h,prediction,actual
2018-04-25,2018-04-25,t+1,0.1728130976110697,0.10890410958904109
2018-04-26,2018-04-26,t+1,0.12541631676256657,0.1197945205479452
2018-04-27,2018-04-27,t+1,0.1147250857204199,0.1197945205479452
2018-04-28,2018-04-28,t+1,0.20624035120010376,0.18513698630136988
2018-04-29,2018-04-29,t+1,0.30361610144376755,0.2504794520547945
2018-04-30,2018-04-30,t+1,0.13076227582991123,0.10890410958904109
2018-05-01,2018-05-01,t+1,0.11636136107146741,0.10890410958904109
2018-05-02,2018-05-02,t+1,0.11000729508697987,0.2286986301369863
2018-05-03,2018-05-03,t+1,0.1282049173861742,0.1197945205479452
2018-05-04,2018-05-04,t+1,0.194916864708066,0.10890410958904109
2018-05-05,2018-05-05,t+1,0.15651789240539074,0.10890410958904109
2018-05-06,2018-05-06,t+1,0.13359186507761478,0.09801369863013698
2018-05-07,2018-05-07,t+1,0.09973485879600048,0.09801369863013698
2018-05-08,2018-05-08,t+1,0.08255675151944161,0.09801369863013698
2018-05-09,2018-05-09,t+1,0.09557915724813938,0.09801369863013698
2018-05-10,2018-05-10,t+1,0.13197760038077833,0.09801369863013698
2018-05-11,2018-05-11,t+1,0.045834462717175485,0.10890410958904109
2018-05-12,2018-05-12,t+1,0.11283660002052784,0.21780821917808219
2018-05-13,2018-05-13,t+1,0.1448372244089842,0.10890410958904109
2018-05-14,2018-05-14,t+1,0.09757717497646809,0.10890410958904109
2018-05-15,2018-05-15,t+1,0.08428071409463883,0.10890410958904109
2018-05-16,2018-05-16,t+1,0.08938581168651581,0.10890410958904109
2018-05-17,2018-05-17,t+1,0.10534797839820385,0.10890410958904109
2018-05-18,2018-05-18,t+1,0.04113730855286121,0.09801369863013698
2018-05-19,2018-05-19,t+1,0.11848345823585987,0.09801369863013698
2018-05-20,2018-05-20,t+1,0.14807892702519895,0.10890410958904109
2018-05-21,2018-05-21,t+1,0.09535848207771778,0.10890410958904109
2018-05-22,2018-05-22,t+1,0.0866905253380537,0.10890410958904109
2018-05-23,2018-05-23,t+1,0.09082283020019531,0.10890410958904109
2018-05-24,2018-05-24,t+1,0.10587741874158382,0.10890410958904109
2018-05-25,2018-05-25,t+1,0.04742063954472542,0.10890410958904109
2018-05-26,2018-05-26,t+1,0.1280469334870577,0.10890410958904109
2018-05-27,2018-05-27,t+1,0.15431914888322354,0.10890410958904109
2018-05-28,2018-05-28,t+1,0.3382240524888039,0.31582191780821917
2018-05-29,2018-05-29,t+1,0.1549872160702944,0.1197945205479452
2018-05-30,2018-05-30,t+1,0.16131792090833189,0.13068493150684932
2018-05-31,2018-05-31,t+1,0.12327318035066129,0.10890410958904109
2018-06-01,2018-06-01,t+1,0.07456337749958039,0.10890410958904109
2018-06-02,2018-06-02,t+1,0.15708180584013462,0.402945205479452
2018-06-03,2018-06-03,t+1,0.2530728632211685,0.17424657534246576
2018-06-04,2018-06-04,t+1,0.17927863843739034,0.09801369863013698
2018-04-25,2018-04-25,t+2,0.18330386348068714,0.1197945205479452
2018-04-26,2018-04-26,t+2,0.1278750655800104,0.10890410958904109
2018-04-27,2018-04-27,t+2,0.1565417392551899,0.1197945205479452
2018-04-28,2018-04-28,t+2,0.1767075736820698,0.1197945205479452
2018-04-29,2018-04-29,t+2,0.24517054080963135,0.2395890410958904
2018-04-30,2018-04-30,t+2,0.193083997964859,0.1197945205479452
2018-05-01,2018-05-01,t+2,0.13622223302721978,0.10890410958904109
2018-05-02,2018-05-02,t+2,0.12363986268639565,0.1197945205479452
2018-05-03,2018-05-03,t+2,0.12552240148186683,0.13068493150684932
2018-05-04,2018-05-04,t+2,0.1684945195913315,0.10890410958904109
2018-05-05,2018-05-05,t+2,0.1662224940955639,0.10890410958904109
2018-05-06,2018-05-06,t+2,0.12431136533617974,0.10890410958904109
2018-05-07,2018-05-07,t+2,0.09193964581936598,0.10890410958904109
2018-05-08,2018-05-08,t+2,0.07753807358443737,0.10890410958904109
2018-05-09,2018-05-09,t+2,0.1092963793873787,0.10890410958904109
2018-05-10,2018-05-10,t+2,0.15550495214760304,0.09801369863013698
2018-05-11,2018-05-11,t+2,0.07014677032828331,0.09801369863013698
2018-05-12,2018-05-12,t+2,0.1197613200545311,0.14157534246575343
2018-05-13,2018-05-13,t+2,0.10316342689096929,0.10890410958904109
2018-05-14,2018-05-14,t+2,0.08082402259111404,0.10890410958904109
2018-05-15,2018-05-15,t+2,0.0743562013283372,0.10890410958904109
2018-05-16,2018-05-16,t+2,0.09977896302938462,0.10890410958904109
2018-05-17,2018-05-17,t+2,0.09291343957185745,0.10890410958904109
2018-05-18,2018-05-18,t+2,0.06157899878919125,0.10890410958904109
2018-05-19,2018-05-19,t+2,0.13140327394008636,0.09801369863013698
2018-05-20,2018-05-20,t+2,0.10846017591655255,0.10890410958904109
2018-05-21,2018-05-21,t+2,0.08458500131964684,0.10890410958904109
2018-05-22,2018-05-22,t+2,0.07528064880520105,0.10890410958904109
2018-05-23,2018-05-23,t+2,0.104883456453681,0.10890410958904109
2018-05-24,2018-05-24,t+2,0.09530025098472834,0.10890410958904109
2018-05-25,2018-05-25,t+2,0.07038045287132264,0.10890410958904109
2018-05-26,2018-05-26,t+2,0.1424409417808056,0.10890410958904109
2018-05-27,2018-05-27,t+2,0.11881798937916756,0.10890410958904109
2018-05-28,2018-05-28,t+2,0.25842062294483187,0.17424657534246576
2018-05-29,2018-05-29,t+2,0.14757095240056514,0.1197945205479452
2018-05-30,2018-05-30,t+2,0.16244132906198502,0.13068493150684932
2018-05-31,2018-05-31,t+2,0.12503211356699467,0.10890410958904109
2018-06-01,2018-06-01,t+2,0.10761166401207448,0.10890410958904109
2018-06-02,2018-06-02,t+2,0.17505189388990403,0.20691780821917807
2018-06-03,2018-06-03,t+2,0.23546486109495163,0.19602739726027396
2018-06-04,2018-06-04,t+2,0.20285867124795914,0.1197945205479452
2018-04-25,2018-04-25,t+3,0.15674156472086906,0.1197945205479452
2018-04-26,2018-04-26,t+3,0.12118959590792656,0.10890410958904109
2018-04-27,2018-04-27,t+3,0.14190858721733093,0.10890410958904109
2018-04-28,2018-04-28,t+3,0.15418027326464653,0.10890410958904109
2018-04-29,2018-04-29,t+3,0.1353817293047905,0.2395890410958904
2018-04-30,2018-04-30,t+3,0.2160879273712635,0.1197945205479452
2018-05-01,2018-05-01,t+3,0.09104258134961128,0.1197945205479452
2018-05-02,2018-05-02,t+3,0.09129445999860764,0.1197945205479452
2018-05-03,2018-05-03,t+3,0.1041821837425232,0.1197945205479452
2018-05-04,2018-05-04,t+3,0.19982873529195785,0.10890410958904109
2018-05-05,2018-05-05,t+3,0.14893487848341466,0.10890410958904109
2018-05-06,2018-05-06,t+3,0.04369659796357155,0.10890410958904109
2018-05-07,2018-05-07,t+3,0.07046177856624126,0.10890410958904109
2018-05-08,2018-05-08,t+3,0.04086386941373348,0.10890410958904109
2018-05-09,2018-05-09,t+3,0.07174260199069978,0.09801369863013698
2018-05-10,2018-05-10,t+3,0.07953966893255711,0.10890410958904109
2018-05-11,2018-05-11,t+3,0.06635654870420694,0.09801369863013698
2018-05-12,2018-05-12,t+3,0.11177481696009636,0.10890410958904109
2018-05-13,2018-05-13,t+3,0.04382449194788933,0.10890410958904109
2018-05-14,2018-05-14,t+3,0.059387517124414445,0.10890410958904109
2018-05-15,2018-05-15,t+3,0.03569758504629135,0.10890410958904109
2018-05-16,2018-05-16,t+3,0.05793592751026154,0.10890410958904109
2018-05-17,2018-05-17,t+3,0.054742019288241864,0.10890410958904109
2018-05-18,2018-05-18,t+3,0.05855088718235493,0.10890410958904109
2018-05-19,2018-05-19,t+3,0.12145609304308892,0.10890410958904109
2018-05-20,2018-05-20,t+3,0.050442253388464454,0.10890410958904109
2018-05-21,2018-05-21,t+3,0.0607308067381382,0.10890410958904109
2018-05-22,2018-05-22,t+3,0.03376790933310986,0.10890410958904109
2018-05-23,2018-05-23,t+3,0.054467827901244166,0.10890410958904109
2018-05-24,2018-05-24,t+3,0.04905028089880944,0.10890410958904109
2018-05-25,2018-05-25,t+3,0.06378923926502467,0.10890410958904109
2018-05-26,2018-05-26,t+3,0.12639473654329778,0.10890410958904109
2018-05-27,2018-05-27,t+3,0.06249748159199953,0.1197945205479452
2018-05-28,2018-05-28,t+3,0.24267374128103258,0.13068493150684932
2018-05-29,2018-05-29,t+3,0.10620342046022416,0.1197945205479452
2018-05-30,2018-05-30,t+3,0.09775156617164613,0.1197945205479452
2018-05-31,2018-05-31,t+3,0.08493166320025922,0.09801369863013698
2018-06-01,2018-06-01,t+3,0.12515696302056314,0.1197945205479452
2018-06-02,2018-06-02,t+3,0.15634829901158812,0.20691780821917807
2018-06-03,2018-06-03,t+3,0.15406376369297506,0.13068493150684932
2018-06-04,2018-06-04,t+3,0.1787852941453457,0.10890410958904109
2018-04-25,2018-04-25,t+4,0.12455983221530915,0.13068493150684932
2018-04-26,2018-04-26,t+4,0.11184698536992073,0.13068493150684932
2018-04-27,2018-04-27,t+4,0.10698048658668996,0.10890410958904109
2018-04-28,2018-04-28,t+4,0.11945610880851747,0.0
2018-04-29,2018-04-29,t+4,0.13164389848709107,0.2286986301369863
2018-04-30,2018-04-30,t+4,0.1755004942417145,0.14157534246575343
2018-05-01,2018-05-01,t+4,0.06922880876809359,0.14157534246575343
2018-05-02,2018-05-02,t+4,0.07422683246433735,0.13068493150684932
2018-05-03,2018-05-03,t+4,0.09692744605243206,0.14157534246575343
2018-05-04,2018-05-04,t+4,0.16127783261239528,0.1197945205479452
2018-05-05,2018-05-05,t+4,0.11567629426717758,0.0
2018-05-06,2018-05-06,t+4,0.058013462349772456,0.09801369863013698
2018-05-07,2018-05-07,t+4,0.05692998256534338,0.10890410958904109
2018-05-08,2018-05-08,t+4,0.023874132111668587,0.10890410958904109
2018-05-09,2018-05-09,t+4,0.060133918784558774,0.09801369863013698
2018-05-10,2018-05-10,t+4,0.07759436778724194,0.09801369863013698
2018-05-11,2018-05-11,t+4,0.046725408509373664,0.09801369863013698
2018-05-12,2018-05-12,t+4,0.08325465392321349,0.10890410958904109
2018-05-13,2018-05-13,t+4,0.05514032565057278,0.10890410958904109
2018-05-14,2018-05-14,t+4,0.04696570727974177,0.10890410958904109
2018-05-15,2018-05-15,t+4,0.01912073113024235,0.10890410958904109
2018-05-16,2018-05-16,t+4,0.050444871447980405,0.10890410958904109
2018-05-17,2018-05-17,t+4,0.04968646936118603,0.10890410958904109
2018-05-18,2018-05-18,t+4,0.038462765291333204,0.10890410958904109
2018-05-19,2018-05-19,t+4,0.09672722965478897,0.10890410958904109
2018-05-20,2018-05-20,t+4,0.061971743255853654,0.10890410958904109
2018-05-21,2018-05-21,t+4,0.04836641650646925,0.10890410958904109
2018-05-22,2018-05-22,t+4,0.018904593139886856,0.10890410958904109
2018-05-23,2018-05-23,t+4,0.05035353552550078,0.09801369863013698
2018-05-24,2018-05-24,t+4,0.04927647650241852,0.10890410958904109
2018-05-25,2018-05-25,t+4,0.04630833741277456,0.10890410958904109
2018-05-26,2018-05-26,t+4,0.10640395671129227,0.10890410958904109
2018-05-27,2018-05-27,t+4,0.07512872435152532,0.10890410958904109
2018-05-28,2018-05-28,t+4,0.17796836480498315,0.1197945205479452
2018-05-29,2018-05-29,t+4,0.08627490542829037,0.10890410958904109
2018-05-30,2018-05-30,t+4,0.08602943569421768,0.10890410958904109
2018-05-31,2018-05-31,t+4,0.10060823634266854,0.1197945205479452
2018-06-01,2018-06-01,t+4,0.12102070145308971,0.09801369863013698
2018-06-02,2018-06-02,t+4,0.14695779338479042,0.1197945205479452
2018-06-03,2018-06-03,t+4,0.15470092356204987,0.1197945205479452
2018-06-04,2018-06-04,t+4,0.15555841505527496,0.10890410958904109
2018-04-25,2018-04-25,t+5,0.16972644098103049,0.10890410958904109
2018-04-26,2018-04-26,t+5,0.12444402158260345,0.10890410958904109
2018-04-27,2018-04-27,t+5,0.09287557248026133,0.10890410958904109
2018-04-28,2018-04-28,t+5,0.11066729485988618,0.09801369863013698
2018-04-29,2018-04-29,t+5,0.1311428777128458,0.30493150684931514
2018-04-30,2018-04-30,t+5,0.17944357618689538,0.10890410958904109
2018-05-01,2018-05-01,t+5,0.11203092478215695,0.1197945205479452
2018-05-02,2018-05-02,t+5,0.1045066572725773,0.10890410958904109
2018-05-03,2018-05-03,t+5,0.10733965829014779,0.10890410958904109
2018-05-04,2018-05-04,t+5,0.20242540016770363,0.09801369863013698
2018-05-05,2018-05-05,t+5,0.10310231119394303,0.09801369863013698
2018-05-06,2018-05-06,t+5,0.08023443795740605,0.09801369863013698
2018-05-07,2018-05-07,t+5,0.04141650505363941,0.09801369863013698
2018-05-08,2018-05-08,t+5,0.055441757887601854,0.09801369863013698
2018-05-09,2018-05-09,t+5,0.08681183863431216,0.09801369863013698
2018-05-10,2018-05-10,t+5,0.06193068947643042,0.10890410958904109
2018-05-11,2018-05-11,t+5,0.04334856189787388,0.09801369863013698
2018-05-12,2018-05-12,t+5,0.07602481741458178,0.10890410958904109
2018-05-13,2018-05-13,t+5,0.058081976138055325,0.10890410958904109
2018-05-14,2018-05-14,t+5,0.032344312816858296,0.09801369863013698
2018-05-15,2018-05-15,t+5,0.05135111689567566,0.10890410958904109
2018-05-16,2018-05-16,t+5,0.0755832064524293,0.10890410958904109
2018-05-17,2018-05-17,t+5,0.04738382086157799,0.10890410958904109
2018-05-18,2018-05-18,t+5,0.038161084279417994,0.10890410958904109
2018-05-19,2018-05-19,t+5,0.08744658775627613,0.10890410958904109
2018-05-20,2018-05-20,t+5,0.062222437262535096,0.10890410958904109
2018-05-21,2018-05-21,t+5,0.03689516365528107,0.10890410958904109
2018-05-22,2018-05-22,t+5,0.051409750767052176,0.10890410958904109
2018-05-23,2018-05-23,t+5,0.07571766927838326,0.10890410958904109
2018-05-24,2018-05-24,t+5,0.04263582184910775,0.10890410958904109
2018-05-25,2018-05-25,t+5,0.04325841654092074,0.10890410958904109
2018-05-26,2018-05-26,t+5,0.09289071813225747,0.10890410958904109
2018-05-27,2018-05-27,t+5,0.07117590464651585,0.10890410958904109
2018-05-28,2018-05-28,t+5,0.19760658323764801,0.10890410958904109
2018-05-29,2018-05-29,t+5,0.13898008033633233,0.10890410958904109
2018-05-30,2018-05-30,t+5,0.12803609400987626,0.13068493150684932
2018-05-31,2018-05-31,t+5,0.09582818683236838,0.10890410958904109
2018-06-01,2018-06-01,t+5,0.12483644619584085,0.1197945205479452
2018-06-02,2018-06-02,t+5,0.13079488903284073,0.09801369863013698
2018-06-03,2018-06-03,t+5,0.14119818091392516,0.09801369863013698
2018-06-04,2018-06-04,t+5,0.1535524720698595,0.10890410958904109
2018-04-25,2018-04-25,t+6,0.16210104055702687,0.10890410958904109
2018-04-26,2018-04-26,t+6,0.1422765015810728,0.10890410958904109
2018-04-27,2018-04-27,t+6,0.10653756067156792,0.10890410958904109
2018-04-28,2018-04-28,t+6,0.1310405483096838,0.10890410958904109
2018-04-29,2018-04-29,t+6,0.1256114036589861,0.28315068493150686
2018-04-30,2018-04-30,t+6,0.11762205742299557,0.09801369863013698
2018-05-01,2018-05-01,t+6,0.15573028296232225,0.09801369863013698
2018-05-02,2018-05-02,t+6,0.13315878354012967,0.10890410958904109
2018-05-03,2018-05-03,t+6,0.13915948256850244,0.1197945205479452
2018-05-04,2018-05-04,t+6,0.17535158470273018,0.10890410958904109
2018-05-05,2018-05-05,t+6,0.12425758257508278,0.09801369863013698
2018-05-06,2018-05-06,t+6,0.09784786574542523,0.09801369863013698
2018-05-07,2018-05-07,t+6,0.07650719784200191,0.10890410958904109
2018-05-08,2018-05-08,t+6,0.12859991267323495,0.09801369863013698
2018-05-09,2018-05-09,t+6,0.12468045249581337,0.09801369863013698
2018-05-10,2018-05-10,t+6,0.12323216803371907,0.09801369863013698
2018-05-11,2018-05-11,t+6,0.07963731307536363,0.09801369863013698
2018-05-12,2018-05-12,t+6,0.10714723683893682,0.09801369863013698
2018-05-13,2018-05-13,t+6,0.06228100597858429,0.09801369863013698
2018-05-14,2018-05-14,t+6,0.06903368040919304,0.09801369863013698
2018-05-15,2018-05-15,t+6,0.12350636534392834,0.10890410958904109
2018-05-16,2018-05-16,t+6,0.12078331097960472,0.10890410958904109
2018-05-17,2018-05-17,t+6,0.10901198230683803,0.09801369863013698
2018-05-18,2018-05-18,t+6,0.07329073403030634,0.10890410958904109
2018-05-19,2018-05-19,t+6,0.11866025425493718,0.10890410958904109
2018-05-20,2018-05-20,t+6,0.06272914431989193,0.10890410958904109
2018-05-21,2018-05-21,t+6,0.0701589484512806,0.09801369863013698
2018-05-22,2018-05-22,t+6,0.12354973509907723,0.09801369863013698
2018-05-23,2018-05-23,t+6,0.12494571760296821,0.10890410958904109
2018-05-24,2018-05-24,t+6,0.10817936830222608,0.09801369863013698
2018-05-25,2018-05-25,t+6,0.07688634261488915,0.10890410958904109
2018-05-26,2018-05-26,t+6,0.12435994751751424,0.10890410958904109
2018-05-27,2018-05-27,t+6,0.06613622300326824,0.10890410958904109
2018-05-28,2018-05-28,t+6,0.13634926222264768,0.2286986301369863
2018-05-29,2018-05-29,t+6,0.1806716711819172,0.18513698630136988
2018-05-30,2018-05-30,t+6,0.17224721767008305,0.19602739726027396
2018-05-31,2018-05-31,t+6,0.14052862107753755,0.37027397260273975
2018-06-01,2018-06-01,t+6,0.12836485594511032,0.10890410958904109
2018-06-02,2018-06-02,t+6,0.1588987036049366,0.10890410958904109
2018-06-03,2018-06-03,t+6,0.14999939806759358,0.14157534246575343
2018-06-04,2018-06-04,t+6,0.1618259310722351,0.19602739726027396
2018-04-25,2018-04-25,t+7,0.17415527366101743,0.14157534246575343
2018-04-26,2018-04-26,t+7,0.16109648756682873,0.14157534246575343
2018-04-27,2018-04-27,t+7,0.19536846220493317,0.13068493150684932
2018-04-28,2018-04-28,t+7,0.16030179396271707,0.10890410958904109
2018-04-29,2018-04-29,t+7,0.1489726211875677,0.14157534246575343
2018-04-30,2018-04-30,t+7,0.2549658268690109,0.19602739726027396
2018-05-01,2018-05-01,t+7,0.1847793236374855,0.13068493150684932
2018-05-02,2018-05-02,t+7,0.1301027736067772,0.1197945205479452
2018-05-03,2018-05-03,t+7,0.15279656365513802,0.14157534246575343
2018-05-04,2018-05-04,t+7,0.26509729072451593,0.14157534246575343
2018-05-05,2018-05-05,t+7,0.1657573561370373,0.09801369863013698
2018-05-06,2018-05-06,t+7,0.08799204446375371,0.09801369863013698
2018-05-07,2018-05-07,t+7,0.1396111985296011,0.09801369863013698
2018-05-08,2018-05-08,t+7,0.1308864026516676,0.09801369863013698
2018-05-09,2018-05-09,t+7,0.11318326190114021,0.10890410958904109
2018-05-10,2018-05-10,t+7,0.14752909898757935,0.09801369863013698
2018-05-11,2018-05-11,t+7,0.13038552403450013,0.09801369863013698
2018-05-12,2018-05-12,t+7,0.13302202843129635,0.09801369863013698
2018-05-13,2018-05-13,t+7,0.07129184558987618,0.09801369863013698
2018-05-14,2018-05-14,t+7,0.12060447737574578,0.09801369863013698
2018-05-15,2018-05-15,t+7,0.11625700592994691,0.09801369863013698
2018-05-16,2018-05-16,t+7,0.10046352043747903,0.10890410958904109
2018-05-17,2018-05-17,t+7,0.10082794010639191,0.09801369863013698
2018-05-18,2018-05-18,t+7,0.10990350857377053,0.09801369863013698
2018-05-19,2018-05-19,t+7,0.14299110151827335,0.09801369863013698
2018-05-20,2018-05-20,t+7,0.07054806791245938,0.09801369863013698
2018-05-21,2018-05-21,t+7,0.11998410388827324,0.09801369863013698
2018-05-22,2018-05-22,t+7,0.10646572396159172,0.09801369863013698
2018-05-23,2018-05-23,t+7,0.09831290893256665,0.09801369863013698
2018-05-24,2018-05-24,t+7,0.0923997075855732,0.10890410958904109
2018-05-25,2018-05-25,t+7,0.10903554484248162,0.10890410958904109
2018-05-26,2018-05-26,t+7,0.14440137080848217,0.09801369863013698
2018-05-27,2018-05-27,t+7,0.07098289087414741,0.10890410958904109
2018-05-28,2018-05-28,t+7,0.22673485279083253,0.30493150684931514
2018-05-29,2018-05-29,t+7,0.17262850664556026,0.14157534246575343
2018-05-30,2018-05-30,t+7,0.14462020978331566,0.29404109589041094
2018-05-31,2018-05-31,t+7,0.11112774163484573,0.3811643835616438
2018-06-01,2018-06-01,t+7,0.16687870301306248,0.19602739726027396
2018-06-02,2018-06-02,t+7,0.17440543457865715,0.10890410958904109
2018-06-03,2018-06-03,t+7,0.14497786514461042,0.17424657534246576
2018-06-04,2018-06-04,t+7,0.23497600659728052,0.4791780821917808
2018-04-25,2018-04-25,t+8,0.11687695294618607,0.19602739726027396
2018-04-26,2018-04-26,t+8,0.107114836871624,0.29404109589041094
2018-04-27,2018-04-27,t+8,0.11207268342375756,0.31582191780821917
2018-04-28,2018-04-28,t+8,0.17854202784597875,0.10890410958904109
2018-04-29,2018-04-29,t+8,0.162752605676651,0.10890410958904109
2018-04-30,2018-04-30,t+8,0.22448033630847933,0.30493150684931514
2018-05-01,2018-05-01,t+8,0.13075842574238777,0.31582191780821917
2018-05-02,2018-05-02,t+8,0.0829689359664917,0.30493150684931514
2018-05-03,2018-05-03,t+8,0.09721253022551538,0.30493150684931514
2018-05-04,2018-05-04,t+8,0.1719548361003399,0.28315068493150686
2018-05-05,2018-05-05,t+8,0.17350659906864166,0.09801369863013698
2018-05-06,2018-05-06,t+8,0.11575737118721009,0.10890410958904109
2018-05-07,2018-05-07,t+8,0.0973001167550683,0.09801369863013698
2018-05-08,2018-05-08,t+8,0.07648754462599755,0.09801369863013698
2018-05-09,2018-05-09,t+8,0.07059490866959095,0.10890410958904109
2018-05-10,2018-05-10,t+8,0.06651224032044412,0.09801369863013698
2018-05-11,2018-05-11,t+8,0.07783592820167543,0.09801369863013698
2018-05-12,2018-05-12,t+8,0.14803408831357956,0.09801369863013698
2018-05-13,2018-05-13,t+8,0.06450264863669873,0.09801369863013698
2018-05-14,2018-05-14,t+8,0.0782735824584961,0.10890410958904109
2018-05-15,2018-05-15,t+8,0.06380780853331089,0.09801369863013698
2018-05-16,2018-05-16,t+8,0.06485390692949296,0.10890410958904109
2018-05-17,2018-05-17,t+8,0.04900391399860382,0.09801369863013698
2018-05-18,2018-05-18,t+8,0.06368342109024525,0.10890410958904109
2018-05-19,2018-05-19,t+8,0.15669375255703927,0.10890410958904109
2018-05-20,2018-05-20,t+8,0.06360601656138898,0.09801369863013698
2018-05-21,2018-05-21,t+8,0.0819486390799284,0.09801369863013698
2018-05-22,2018-05-22,t+8,0.05758188530802727,0.10890410958904109
2018-05-23,2018-05-23,t+8,0.07089346222579479,0.10890410958904109
2018-05-24,2018-05-24,t+8,0.045672640576958655,0.09801369863013698
2018-05-25,2018-05-25,t+8,0.06618170142173767,0.09801369863013698
2018-05-26,2018-05-26,t+8,0.16135554514825345,0.09801369863013698
2018-05-27,2018-05-27,t+8,0.06745439819991589,0.09801369863013698
2018-05-28,2018-05-28,t+8,0.15641114428639413,0.402945205479452
2018-05-29,2018-05-29,t+8,0.14033927969634533,0.30493150684931514
2018-05-30,2018-05-30,t+8,0.12167091608047485,0.10890410958904109
2018-05-31,2018-05-31,t+8,0.07918942943215371,0.1197945205479452
2018-06-01,2018-06-01,t+8,0.12038660980761051,0.31582191780821917
2018-06-02,2018-06-02,t+8,0.197581634670496,0.31582191780821917
2018-06-03,2018-06-03,t+8,0.15875756531953814,0.4791780821917808
2018-06-04,2018-06-04,t+8,0.21730007708072663,0.15246575342465757
2018-04-25,2018-04-25,t+9,0.13177186354994774,0.09801369863013698
2018-04-26,2018-04-26,t+9,0.11031219832599164,0.09801369863013698
2018-04-27,2018-04-27,t+9,0.08731962963938714,0.09801369863013698
2018-04-28,2018-04-28,t+9,0.24076869428157807,0.19602739726027396
2018-04-29,2018-04-29,t+9,0.2231802861392498,0.10890410958904109
2018-04-30,2018-04-30,t+9,0.23407987207174302,0.1197945205479452
2018-05-01,2018-05-01,t+9,0.1035262354463339,0.10890410958904109
2018-05-02,2018-05-02,t+9,0.08762358516454698,0.10890410958904109
2018-05-03,2018-05-03,t+9,0.09996807932853699,0.21780821917808219
2018-05-04,2018-05-04,t+9,0.17046661734580995,0.13068493150684932
2018-05-05,2018-05-05,t+9,0.2301237827539444,0.09801369863013698
2018-05-06,2018-05-06,t+9,0.16337372548878193,0.10890410958904109
2018-05-07,2018-05-07,t+9,0.10152116909623146,0.09801369863013698
2018-05-08,2018-05-08,t+9,0.05425545707345009,0.10890410958904109
2018-05-09,2018-05-09,t+9,0.07264769241213799,0.09801369863013698
2018-05-10,2018-05-10,t+9,0.057955639958381655,0.09801369863013698
2018-05-11,2018-05-11,t+9,0.06091327719390392,0.09801369863013698
2018-05-12,2018-05-12,t+9,0.19264750465750696,0.10890410958904109
2018-05-13,2018-05-13,t+9,0.1194935790449381,0.09801369863013698
2018-05-14,2018-05-14,t+9,0.08654572650790215,0.10890410958904109
2018-05-15,2018-05-15,t+9,0.04428072139620781,0.10890410958904109
2018-05-16,2018-05-16,t+9,0.06451437659561635,0.10890410958904109
2018-05-17,2018-05-17,t+9,0.05918730072677136,0.09801369863013698
2018-05-18,2018-05-18,t+9,0.052822336032986646,0.10890410958904109
2018-05-19,2018-05-19,t+9,0.2011390681564808,0.09801369863013698
2018-05-20,2018-05-20,t+9,0.12380881637334824,0.09801369863013698
2018-05-21,2018-05-21,t+9,0.09073206290602684,0.09801369863013698
2018-05-22,2018-05-22,t+9,0.03838412873446941,0.10890410958904109
2018-05-23,2018-05-23,t+9,0.06488418638706207,0.09801369863013698
2018-05-24,2018-05-24,t+9,0.05651932038366795,0.10890410958904109
2018-05-25,2018-05-25,t+9,0.05627702549099922,0.09801369863013698
2018-05-26,2018-05-26,t+9,0.20856035470962525,0.09801369863013698
2018-05-27,2018-05-27,t+9,0.13388673439621926,0.10890410958904109
2018-05-28,2018-05-28,t+9,0.18145962417125702,0.10890410958904109
2018-05-29,2018-05-29,t+9,0.1630922544747591,0.13068493150684932
2018-05-30,2018-05-30,t+9,0.11154539912939072,0.09801369863013698
2018-05-31,2018-05-31,t+9,0.0916081414371729,0.09801369863013698
2018-06-01,2018-06-01,t+9,0.11743025198578835,0.1197945205479452
2018-06-02,2018-06-02,t+9,0.25348229929804805,0.13068493150684932
2018-06-03,2018-06-03,t+9,0.25372256845235824,0.402945205479452
2018-06-04,2018-06-04,t+9,0.24613441318273546,0.1197945205479452
2018-04-25,2018-04-25,t+10,0.12079942211508751,0.10890410958904109
2018-04-26,2018-04-26,t+10,0.07724781844764948,0.10890410958904109
2018-04-27,2018-04-27,t+10,0.08607877604663372,0.10890410958904109
2018-04-28,2018-04-28,t+10,0.2901555557549,0.34849315068493153
2018-04-29,2018-04-29,t+10,0.2915768185257912,0.10890410958904109
2018-04-30,2018-04-30,t+10,0.17351018853485586,0.14157534246575343
2018-05-01,2018-05-01,t+10,0.07904167491942644,0.09801369863013698
2018-05-02,2018-05-02,t+10,0.07972623825073243,0.09801369863013698
2018-05-03,2018-05-03,t+10,0.07506641808897258,0.14157534246575343
2018-05-04,2018-05-04,t+10,0.1462108764052391,0.10890410958904109
2018-05-05,2018-05-05,t+10,0.2796445325016976,0.10890410958904109
2018-05-06,2018-05-06,t+10,0.2258310180902481,0.09801369863013698
2018-05-07,2018-05-07,t+10,0.06605965957045555,0.09801369863013698
2018-05-08,2018-05-08,t+10,0.04966455347836018,0.09801369863013698
2018-05-09,2018-05-09,t+10,0.06542084120213985,0.09801369863013698
2018-05-10,2018-05-10,t+10,0.06924554776400328,0.09801369863013698
2018-05-11,2018-05-11,t+10,0.05240177616477013,0.09801369863013698
2018-05-12,2018-05-12,t+10,0.2406542104482651,0.10890410958904109
2018-05-13,2018-05-13,t+10,0.15289648823440075,0.09801369863013698
2018-05-14,2018-05-14,t+10,0.05426637947559357,0.10890410958904109
2018-05-15,2018-05-15,t+10,0.04648936852812767,0.10890410958904109
2018-05-16,2018-05-16,t+10,0.053386296853423124,0.09801369863013698
2018-05-17,2018-05-17,t+10,0.04816880039870739,0.09801369863013698
2018-05-18,2018-05-18,t+10,0.04510461643338204,0.09801369863013698
2018-05-19,2018-05-19,t+10,0.24849450498819353,0.09801369863013698
2018-05-20,2018-05-20,t+10,0.15565941765904429,0.09801369863013698
2018-05-21,2018-05-21,t+10,0.057296718209981924,0.10890410958904109
2018-05-22,2018-05-22,t+10,0.046949673146009445,0.10890410958904109
2018-05-23,2018-05-23,t+10,0.05258469678461552,0.10890410958904109
2018-05-24,2018-05-24,t+10,0.04948888286948204,0.10890410958904109
2018-05-25,2018-05-25,t+10,0.05158479943871498,0.10890410958904109
2018-05-26,2018-05-26,t+10,0.25975367724895476,0.09801369863013698
2018-05-27,2018-05-27,t+10,0.1656370794028044,0.09801369863013698
2018-05-28,2018-05-28,t+10,0.1560293933004141,0.10890410958904109
2018-05-29,2018-05-29,t+10,0.16216347120702268,0.2286986301369863
2018-05-30,2018-05-30,t+10,0.09415171064436437,0.10890410958904109
2018-05-31,2018-05-31,t+10,0.07829812824726105,0.10890410958904109
2018-06-01,2018-06-01,t+10,0.09766967777162791,0.09801369863013698
2018-06-02,2018-06-02,t+10,0.3050065398216248,1.2197260273972605
2018-06-03,2018-06-03,t+10,0.3174600210785866,0.37027397260273975
2018-06-04,2018-06-04,t+10,0.2105139720439911,0.09801369863013698
2018-04-25,2018-04-25,t+11,0.14582766830921173,0.10890410958904109
2018-04-26,2018-04-26,t+11,0.09038644351065159,0.10890410958904109
2018-04-27,2018-04-27,t+11,0.09123002137988806,0.1197945205479452
2018-04-28,2018-04-28,t+11,0.3398708948493004,0.5880821917808219
2018-04-29,2018-04-29,t+11,0.3591641217470169,0.6969863013698631
2018-04-30,2018-04-30,t+11,0.2618947286903858,0.20691780821917807
2018-05-01,2018-05-01,t+11,0.09099643953144551,0.10890410958904109
2018-05-02,2018-05-02,t+11,0.09250609438866378,0.10890410958904109
2018-05-03,2018-05-03,t+11,0.08353199053555728,0.10890410958904109
2018-05-04,2018-05-04,t+11,0.14305984631180763,0.09801369863013698
2018-05-05,2018-05-05,t+11,0.3376694029569626,0.09801369863013698
2018-05-06,2018-05-06,t+11,0.24578371167182925,0.10890410958904109
2018-05-07,2018-05-07,t+11,0.059672506526112556,0.09801369863013698
2018-05-08,2018-05-08,t+11,0.03818560637533665,0.10890410958904109
2018-05-09,2018-05-09,t+11,0.08116989076137543,0.09801369863013698
2018-05-10,2018-05-10,t+11,0.08041594292968512,0.09801369863013698
2018-05-11,2018-05-11,t+11,0.03175242997705936,0.09801369863013698
2018-05-12,2018-05-12,t+11,0.27953900456428526,0.10890410958904109
2018-05-13,2018-05-13,t+11,0.1591700340807438,0.10890410958904109
2018-05-14,2018-05-14,t+11,0.047497878223657614,0.10890410958904109
2018-05-15,2018-05-15,t+11,0.034110756665468214,0.10890410958904109
2018-05-16,2018-05-16,t+11,0.0736033433675766,0.10890410958904109
2018-05-17,2018-05-17,t+11,0.045237290449440484,0.10890410958904109
2018-05-18,2018-05-18,t+11,0.025090013444423676,0.10890410958904109
2018-05-19,2018-05-19,t+11,0.2868930508196354,0.09801369863013698
2018-05-20,2018-05-20,t+11,0.15957909107208254,0.10890410958904109
2018-05-21,2018-05-21,t+11,0.056136070825159555,0.10890410958904109
2018-05-22,2018-05-22,t+11,0.034018153175711635,0.10890410958904109
2018-05-23,2018-05-23,t+11,0.07792046427726745,0.10890410958904109
2018-05-24,2018-05-24,t+11,0.0475604273378849,0.10890410958904109
2018-05-25,2018-05-25,t+11,0.030064776688814163,0.10890410958904109
2018-05-26,2018-05-26,t+11,0.29727523237466813,0.09801369863013698
2018-05-27,2018-05-27,t+11,0.16578077651560308,0.09801369863013698
2018-05-28,2018-05-28,t+11,0.15853487625718118,0.10890410958904109
2018-05-29,2018-05-29,t+11,0.16980626218020917,0.10890410958904109
2018-05-30,2018-05-30,t+11,0.1238671600073576,0.10890410958904109
2018-05-31,2018-05-31,t+11,0.08421984124928714,0.10890410958904109
2018-06-01,2018-06-01,t+11,0.07475389167666435,0.10890410958904109
2018-06-02,2018-06-02,t+11,0.34027945429086687,0.7296575342465754
2018-06-03,2018-06-03,t+11,0.3629755425453186,0.3593835616438356
2018-06-04,2018-06-04,t+11,0.25272562086582184,0.10890410958904109
2018-04-25,2018-04-25,t+12,0.1548696166276932,0.10890410958904109
2018-04-26,2018-04-26,t+12,0.1403575587272644,0.10890410958904109
2018-04-27,2018-04-27,t+12,0.1658190167695284,0.10890410958904109
2018-04-28,2018-04-28,t+12,0.3440101298689842,0.4682876712328767
2018-04-29,2018-04-29,t+12,0.36184406697750093,1.502876712328767
2018-04-30,2018-04-30,t+12,0.32942268133163455,0.13068493150684932
2018-05-01,2018-05-01,t+12,0.11677124731242658,0.10890410958904109
2018-05-02,2018-05-02,t+12,0.10498761020600796,0.10890410958904109
2018-05-03,2018-05-03,t+12,0.129180363714695,0.1197945205479452
2018-05-04,2018-05-04,t+12,0.2254630681872368,0.09801369863013698
2018-05-05,2018-05-05,t+12,0.34822669833898545,0.09801369863013698
2018-05-06,2018-05-06,t+12,0.24366279914975167,0.09801369863013698
2018-05-07,2018-05-07,t+12,0.14129330769181253,0.09801369863013698
2018-05-08,2018-05-08,t+12,0.05530727729201317,0.10890410958904109
2018-05-09,2018-05-09,t+12,0.0927217822149396,0.10890410958904109
2018-05-10,2018-05-10,t+12,0.13317940816283227,0.10890410958904109
2018-05-11,2018-05-11,t+12,0.10670952335000039,0.09801369863013698
2018-05-12,2018-05-12,t+12,0.28258102387189865,0.09801369863013698
2018-05-13,2018-05-13,t+12,0.16577832430601122,0.10890410958904109
2018-05-14,2018-05-14,t+12,0.11431863494217397,0.10890410958904109
2018-05-15,2018-05-15,t+12,0.04648586791008711,0.10890410958904109
2018-05-16,2018-05-16,t+12,0.08027638614177704,0.09801369863013698
2018-05-17,2018-05-17,t+12,0.07087239928543568,0.10890410958904109
2018-05-18,2018-05-18,t+12,0.09298701770603657,0.09801369863013698
2018-05-19,2018-05-19,t+12,0.2906160262227059,0.09801369863013698
2018-05-20,2018-05-20,t+12,0.16855908259749414,0.10890410958904109
2018-05-21,2018-05-21,t+12,0.11723854131996632,0.10890410958904109
2018-05-22,2018-05-22,t+12,0.04295925881713629,0.10890410958904109
2018-05-23,2018-05-23,t+12,0.0810479673743248,0.10890410958904109
2018-05-24,2018-05-24,t+12,0.06922131590545177,0.09801369863013698
2018-05-25,2018-05-25,t+12,0.09790582437068224,0.09801369863013698
2018-05-26,2018-05-26,t+12,0.2988176840543747,0.09801369863013698
2018-05-27,2018-05-27,t+12,0.1777710981667042,0.09801369863013698
2018-05-28,2018-05-28,t+12,0.2261500185728073,0.20691780821917807
2018-05-29,2018-05-29,t+12,0.17038196280598641,0.1197945205479452
2018-05-30,2018-05-30,t+12,0.12286608986556531,0.10890410958904109
2018-05-31,2018-05-31,t+12,0.10529456287622452,0.09801369863013698
2018-06-01,2018-06-01,t+12,0.1549450546503067,0.10890410958904109
2018-06-02,2018-06-02,t+12,0.3443632480502129,0.805890410958904
2018-06-03,2018-06-03,t+12,0.3630673760175705,0.402945205479452
2018-06-04,2018-06-04,t+12,0.31471923261880874,0.10890410958904109
2018-04-25,2018-04-25,t+13,0.11892806634306909,0.09801369863013698
2018-04-26,2018-04-26,t+13,0.11162264965474607,0.09801369863013698
2018-04-27,2018-04-27,t+13,0.16050314761698248,0.10890410958904109
2018-04-28,2018-04-28,t+13,0.3573828461766243,0.29404109589041094
2018-04-29,2018-04-29,t+13,0.3926708292961121,0.6534246575342466
2018-04-30,2018-04-30,t+13,0.2650147211551666,0.10890410958904109
2018-05-01,2018-05-01,t+13,0.11636421605944634,0.10890410958904109
2018-05-02,2018-05-02,t+13,0.08781225129961968,0.09801369863013698
2018-05-03,2018-05-03,t+13,0.10786260679364205,0.10890410958904109
2018-05-04,2018-05-04,t+13,0.2260295167565346,0.10890410958904109
2018-05-05,2018-05-05,t+13,0.34278975874185563,0.09801369863013698
2018-05-06,2018-05-06,t+13,0.25325340270996094,0.09801369863013698
2018-05-07,2018-05-07,t+13,0.1410369747877121,0.10890410958904109
2018-05-08,2018-05-08,t+13,0.07938789255917073,0.09801369863013698
2018-05-09,2018-05-09,t+13,0.08347005743533373,0.09801369863013698
2018-05-10,2018-05-10,t+13,0.09490844238549472,0.09801369863013698
2018-05-11,2018-05-11,t+13,0.12550929933786392,0.09801369863013698
2018-05-12,2018-05-12,t+13,0.29151879474520687,0.09801369863013698
2018-05-13,2018-05-13,t+13,0.19439700812101365,0.10890410958904109
2018-05-14,2018-05-14,t+13,0.12088026210665703,0.10890410958904109
2018-05-15,2018-05-15,t+13,0.07573317032307386,0.10890410958904109
2018-05-16,2018-05-16,t+13,0.08051529295742513,0.09801369863013698
2018-05-17,2018-05-17,t+13,0.07170456312596798,0.10890410958904109
2018-05-18,2018-05-18,t+13,0.1194304020702839,0.09801369863013698
2018-05-19,2018-05-19,t+13,0.29036592453718185,0.10890410958904109
2018-05-20,2018-05-20,t+13,0.19435227602720262,0.09801369863013698
2018-05-21,2018-05-21,t+13,0.12261166423559189,0.09801369863013698
2018-05-22,2018-05-22,t+13,0.07625765293836594,0.10890410958904109
2018-05-23,2018-05-23,t+13,0.08680981881916523,0.10890410958904109
2018-05-24,2018-05-24,t+13,0.07242659077048302,0.10890410958904109
2018-05-25,2018-05-25,t+13,0.12465412974357605,0.21780821917808219
2018-05-26,2018-05-26,t+13,0.2934756579995155,0.10890410958904109
2018-05-27,2018-05-27,t+13,0.2018661779165268,0.10890410958904109
2018-05-28,2018-05-28,t+13,0.2323705990612507,0.8494520547945206
2018-05-29,2018-05-29,t+13,0.20278299629688265,0.1197945205479452
2018-05-30,2018-05-30,t+13,0.13680057540535928,0.09801369863013698
2018-05-31,2018-05-31,t+13,0.10830067567527295,0.09801369863013698
2018-06-01,2018-06-01,t+13,0.18538524448871613,0.10890410958904109
2018-06-02,2018-06-02,t+13,0.32398164287209513,0.30493150684931514
2018-06-03,2018-06-03,t+13,0.34475676253438,0.2504794520547945
2018-06-04,2018-06-04,t+13,0.2864729529619217,0.09801369863013698
2018-04-25,2018-04-25,t+14,0.10563223332166673,0.09801369863013698
2018-04-26,2018-04-26,t+14,0.09289437867701054,0.09801369863013698
2018-04-27,2018-04-27,t+14,0.1331092891842127,0.09801369863013698
2018-04-28,2018-04-28,t+14,0.3862281283736229,0.3376027397260274
2018-04-29,2018-04-29,t+14,0.41414526700973514,0.402945205479452
2018-04-30,2018-04-30,t+14,0.18145118951797487,0.1197945205479452
2018-05-01,2018-05-01,t+14,0.08255432300269604,0.10890410958904109
2018-05-02,2018-05-02,t+14,0.07123455628752709,0.10890410958904109
2018-05-03,2018-05-03,t+14,0.08859206579625607,0.10890410958904109
2018-05-04,2018-05-04,t+14,0.1779065501689911,0.10890410958904109
2018-05-05,2018-05-05,t+14,0.3729250690340996,0.10890410958904109
2018-05-06,2018-05-06,t+14,0.23656165033578874,0.09801369863013698
2018-05-07,2018-05-07,t+14,0.05836517080664635,0.10890410958904109
2018-05-08,2018-05-08,t+14,0.05063902840018272,0.10890410958904109
2018-05-09,2018-05-09,t+14,0.06896153569221497,0.09801369863013698
2018-05-10,2018-05-10,t+14,0.09365613922476769,0.09801369863013698
2018-05-11,2018-05-11,t+14,0.08663873277604581,0.09801369863013698
2018-05-12,2018-05-12,t+14,0.3013921250402928,0.09801369863013698
2018-05-13,2018-05-13,t+14,0.1815024845302105,0.10890410958904109
2018-05-14,2018-05-14,t+14,0.048619687110185626,0.10890410958904109
2018-05-15,2018-05-15,t+14,0.04832280389964581,0.10890410958904109
2018-05-16,2018-05-16,t+14,0.06303142949938774,0.09801369863013698
2018-05-17,2018-05-17,t+14,0.05722027324140072,0.09801369863013698
2018-05-18,2018-05-18,t+14,0.0823846111446619,0.09801369863013698
2018-05-19,2018-05-19,t+14,0.3035564428567886,0.09801369863013698
2018-05-20,2018-05-20,t+14,0.18806804470717908,0.10890410958904109
2018-05-21,2018-05-21,t+14,0.05749275282025337,0.10890410958904109
2018-05-22,2018-05-22,t+14,0.049222788512706755,0.10890410958904109
2018-05-23,2018-05-23,t+14,0.06815535105764867,0.09801369863013698
2018-05-24,2018-05-24,t+14,0.05642595872282982,0.10890410958904109
2018-05-25,2018-05-25,t+14,0.08894961453974247,0.15246575342465757
2018-05-26,2018-05-26,t+14,0.3125425708293915,0.10890410958904109
2018-05-27,2018-05-27,t+14,0.2027646106481552,0.10890410958904109
2018-05-28,2018-05-28,t+14,0.17902134597301483,2.188972602739726
2018-05-29,2018-05-29,t+14,0.18239301569759847,0.1197945205479452
2018-05-30,2018-05-30,t+14,0.11502183862030507,0.10890410958904109
2018-05-31,2018-05-31,t+14,0.09044963233172894,0.10890410958904109
2018-06-01,2018-06-01,t+14,0.14208275333046913,0.1197945205479452
2018-06-02,2018-06-02,t+14,0.34843126237392424,0.26136986301369863
2018-06-03,2018-06-03,t+14,0.3870665234327316,0.26136986301369863
2018-06-04,2018-06-04,t+14,0.24766596615314485,0.1197945205479452
2018-04-25,2018-04-25,t+15,0.12590758793056012,0.1197945205479452
2018-04-26,2018-04-26,t+15,0.10732303775846959,0.1197945205479452
2018-04-27,2018-04-27,t+15,0.09617819532752038,0.10890410958904109
2018-04-28,2018-04-28,t+15,0.36510519772768024,0.34849315068493153
2018-04-29,2018-04-29,t+15,0.41025234282016754,0.5336301369863014
2018-04-30,2018-04-30,t+15,0.2199963229894638,0.13068493150684932
2018-05-01,2018-05-01,t+15,0.06098543968051672,0.1197945205479452
2018-05-02,2018-05-02,t+15,0.10501843459904195,0.13068493150684932
2018-05-03,2018-05-03,t+15,0.10272923178970814,0.1197945205479452
2018-05-04,2018-05-04,t+15,0.13320856221020222,0.13068493150684932
2018-05-05,2018-05-05,t+15,0.35995190888643264,0.10890410958904109
2018-05-06,2018-05-06,t+15,0.2960046797990799,0.10890410958904109
2018-05-07,2018-05-07,t+15,0.10442648068070412,0.09801369863013698
2018-05-08,2018-05-08,t+15,0.04657162416726351,0.10890410958904109
2018-05-09,2018-05-09,t+15,0.10742781937122345,0.09801369863013698
2018-05-10,2018-05-10,t+15,0.10092216655611992,0.10890410958904109
2018-05-11,2018-05-11,t+15,0.07916350945830346,0.09801369863013698
2018-05-12,2018-05-12,t+15,0.3022666043043137,0.10890410958904109
2018-05-13,2018-05-13,t+15,0.23707426875829699,0.10890410958904109
2018-05-14,2018-05-14,t+15,0.09452638931572438,0.10890410958904109
2018-05-15,2018-05-15,t+15,0.0478513103350997,0.10890410958904109
2018-05-16,2018-05-16,t+15,0.10491968281567098,0.10890410958904109
2018-05-17,2018-05-17,t+15,0.08333597961813212,0.10890410958904109
2018-05-18,2018-05-18,t+15,0.08263237316161394,0.09801369863013698
2018-05-19,2018-05-19,t+15,0.3109631583094597,0.10890410958904109
2018-05-20,2018-05-20,t+15,0.24501919090747834,0.10890410958904109
2018-05-21,2018-05-21,t+15,0.0995385517179966,0.10890410958904109
2018-05-22,2018-05-22,t+15,0.051961486078798774,0.10890410958904109
2018-05-23,2018-05-23,t+15,0.11051427461206914,0.10890410958904109
2018-05-24,2018-05-24,t+15,0.08689125705510378,0.09801369863013698
2018-05-25,2018-05-25,t+15,0.09470038957893849,0.13068493150684932
2018-05-26,2018-05-26,t+15,0.3253188908100128,0.10890410958904109
2018-05-27,2018-05-27,t+15,0.26299490600824355,0.10890410958904109
2018-05-28,2018-05-28,t+15,0.1773382417112589,0.5227397260273973
2018-05-29,2018-05-29,t+15,0.195163234770298,0.1197945205479452
2018-05-30,2018-05-30,t+15,0.1480615720152855,0.10890410958904109
2018-05-31,2018-05-31,t+15,0.142734614610672,0.10890410958904109
2018-06-01,2018-06-01,t+15,0.16326978497207165,0.1197945205479452
2018-06-02,2018-06-02,t+15,0.37077328473329546,0.3811643835616438
2018-06-03,2018-06-03,t+15,0.42956637203693393,0.2722602739726027
2018-06-04,2018-06-04,t+15,0.2960499331355095,0.1197945205479452
2018-04-25,2018-04-25,t+16,0.25401747331023217,0.1197945205479452
2018-04-26,2018-04-26,t+16,0.20909747153520586,0.10890410958904109
2018-04-27,2018-04-27,t+16,0.17207328848540784,0.28315068493150686
2018-04-28,2018-04-28,t+16,0.36333673998713495,0.3811643835616438
2018-04-29,2018-04-29,t+16,0.42158515244722367,0.6643150684931506
2018-04-30,2018-04-30,t+16,0.3979209271073342,0.09801369863013698
2018-05-01,2018-05-01,t+16,0.1400187510251999,0.10890410958904109
2018-05-02,2018-05-02,t+16,0.20853391349315645,0.1197945205479452
2018-05-03,2018-05-03,t+16,0.1896139318495989,0.10890410958904109
2018-05-04,2018-05-04,t+16,0.20439280673861504,0.1197945205479452
2018-05-05,2018-05-05,t+16,0.36230207338929177,0.10890410958904109
2018-05-06,2018-05-06,t+16,0.32241417154669766,0.10890410958904109
2018-05-07,2018-05-07,t+16,0.1983042072504759,0.10890410958904109
2018-05-08,2018-05-08,t+16,0.11255422867834569,0.09801369863013698
2018-05-09,2018-05-09,t+16,0.20499436810612678,0.09801369863013698
2018-05-10,2018-05-10,t+16,0.15776562876999378,0.09801369863013698
2018-05-11,2018-05-11,t+16,0.1492188846319914,0.09801369863013698
2018-05-12,2018-05-12,t+16,0.3036473996937275,0.10890410958904109
2018-05-13,2018-05-13,t+16,0.2637935207784176,0.09801369863013698
2018-05-14,2018-05-14,t+16,0.19398711003363134,0.09801369863013698
2018-05-15,2018-05-15,t+16,0.11458648256957532,0.10890410958904109
2018-05-16,2018-05-16,t+16,0.20221915394067766,0.10890410958904109
2018-05-17,2018-05-17,t+16,0.15679989650845527,0.09801369863013698
2018-05-18,2018-05-18,t+16,0.1544657839089632,0.10890410958904109
2018-05-19,2018-05-19,t+16,0.3179384270310402,0.10890410958904109
2018-05-20,2018-05-20,t+16,0.27737418919801715,0.10890410958904109
2018-05-21,2018-05-21,t+16,0.2054810902476311,0.10890410958904109
2018-05-22,2018-05-22,t+16,0.12176540315151216,0.10890410958904109
2018-05-23,2018-05-23,t+16,0.20697025671601296,0.10890410958904109
2018-05-24,2018-05-24,t+16,0.1621994724869728,0.10890410958904109
2018-05-25,2018-05-25,t+16,0.16968624606728555,0.10890410958904109
2018-05-26,2018-05-26,t+16,0.33523081675171856,0.10890410958904109
2018-05-27,2018-05-27,t+16,0.3059008973836899,0.10890410958904109
2018-05-28,2018-05-28,t+16,0.2828382334113121,0.3376027397260274
2018-05-29,2018-05-29,t+16,0.277227198779583,0.09801369863013698
2018-05-30,2018-05-30,t+16,0.24070417866110802,0.14157534246575343
2018-05-31,2018-05-31,t+16,0.2452017205953598,0.1197945205479452
2018-06-01,2018-06-01,t+16,0.2560018676519394,0.10890410958904109
2018-06-02,2018-06-02,t+16,0.39528557181358337,0.3593835616438356
2018-06-03,2018-06-03,t+16,0.47726443111896516,1.1108219178082193
2018-06-04,2018-06-04,t+16,0.45424076557159426,0.1197945205479452
2018-04-25,2018-04-25,t+17,0.42669157683849335,0.15246575342465757
2018-04-26,2018-04-26,t+17,0.3671635611355305,0.1197945205479452
2018-04-27,2018-04-27,t+17,0.3281175372004509,0.2722602739726027
2018-04-28,2018-04-28,t+17,0.4090018343925476,0.30493150684931514
2018-04-29,2018-04-29,t+17,0.4651732608675957,3.1799999999999997
2018-04-30,2018-04-30,t+17,0.6440677079558372,0.4573972602739726
2018-05-01,2018-05-01,t+17,0.31430602937936786,0.10890410958904109
2018-05-02,2018-05-02,t+17,0.3544888597726822,0.09801369863013698
2018-05-03,2018-05-03,t+17,0.33387868970632556,0.16335616438356165
2018-05-04,2018-05-04,t+17,0.3467394983768463,0.28315068493150686
2018-05-05,2018-05-05,t+17,0.40310544312000274,0.09801369863013698
2018-05-06,2018-05-06,t+17,0.40678811699151995,0.10890410958904109
2018-05-07,2018-05-07,t+17,0.38608672946691514,0.09801369863013698
2018-05-08,2018-05-08,t+17,0.2480787666141987,0.09801369863013698
2018-05-09,2018-05-09,t+17,0.33030088037252425,0.09801369863013698
2018-05-10,2018-05-10,t+17,0.2554976838827133,0.09801369863013698
2018-05-11,2018-05-11,t+17,0.2762433770298958,0.10890410958904109
2018-05-12,2018-05-12,t+17,0.33624892204999923,0.10890410958904109
2018-05-13,2018-05-13,t+17,0.31375588148832323,0.09801369863013698
2018-05-14,2018-05-14,t+17,0.3496282249689102,0.09801369863013698
2018-05-15,2018-05-15,t+17,0.2398126405477524,0.10890410958904109
2018-05-16,2018-05-16,t+17,0.3138376218080521,0.10890410958904109
2018-05-17,2018-05-17,t+17,0.2576718816161156,0.10890410958904109
2018-05-18,2018-05-18,t+17,0.2617300160229206,0.09801369863013698
2018-05-19,2018-05-19,t+17,0.34065325632691384,0.10890410958904109
2018-05-20,2018-05-20,t+17,0.3212901592254639,0.10890410958904109
2018-05-21,2018-05-21,t+17,0.3508971901237965,0.10890410958904109
2018-05-22,2018-05-22,t+17,0.23849124312400818,0.09801369863013698
2018-05-23,2018-05-23,t+17,0.3126878079771996,0.10890410958904109
2018-05-24,2018-05-24,t+17,0.25617323800921443,0.09801369863013698
2018-05-25,2018-05-25,t+17,0.2671648706495762,0.10890410958904109
2018-05-26,2018-05-26,t+17,0.34446609869599343,0.10890410958904109
2018-05-27,2018-05-27,t+17,0.33968580633401874,0.10890410958904109
2018-05-28,2018-05-28,t+17,0.4219873148202896,0.31582191780821917
2018-05-29,2018-05-29,t+17,0.38855130672454835,0.10890410958904109
2018-05-30,2018-05-30,t+17,0.35776283204555515,1.0563698630136986
2018-05-31,2018-05-31,t+17,0.3518262577056885,0.3376027397260274
2018-06-01,2018-06-01,t+17,0.36387219831347467,0.2395890410958904
2018-06-02,2018-06-02,t+17,0.38741613507270817,0.31582191780821917
2018-06-03,2018-06-03,t+17,0.4651593294739723,0.7187671232876712
2018-06-04,2018-06-04,t+17,0.6114315229654312,0.8821232876712329
2018-04-25,2018-04-25,t+18,0.5397727936506271,0.14157534246575343
2018-04-26,2018-04-26,t+18,0.4873284888267517,0.805890410958904
2018-04-27,2018-04-27,t+18,0.4273575353622437,0.21780821917808219
2018-04-28,2018-04-28,t+18,0.40929903745651247,0.2722602739726027
2018-04-29,2018-04-29,t+18,0.48892320692539215,2.7334931506849314
2018-04-30,2018-04-30,t+18,0.8319415068626405,0.5336301369863014
2018-05-01,2018-05-01,t+18,0.44383178740739826,0.10890410958904109
2018-05-02,2018-05-02,t+18,0.4483275049924851,0.21780821917808219
2018-05-03,2018-05-03,t+18,0.4472273987531662,0.31582191780821917
2018-05-04,2018-05-04,t+18,0.4652379423379898,0.37027397260273975
2018-05-05,2018-05-05,t+18,0.4075331622362137,0.10890410958904109
2018-05-06,2018-05-06,t+18,0.4675710242986679,0.10890410958904109
2018-05-07,2018-05-07,t+18,0.5438110023736954,0.10890410958904109
2018-05-08,2018-05-08,t+18,0.35305522933602335,0.09801369863013698
2018-05-09,2018-05-09,t+18,0.41030669420957566,0.10890410958904109
2018-05-10,2018-05-10,t+18,0.3450370252132416,0.09801369863013698
2018-05-11,2018-05-11,t+18,0.3691140747070313,0.09801369863013698
2018-05-12,2018-05-12,t+18,0.3545567871630192,0.10890410958904109
2018-05-13,2018-05-13,t+18,0.3569902557134628,0.10890410958904109
2018-05-14,2018-05-14,t+18,0.4838537907600403,0.10890410958904109
2018-05-15,2018-05-15,t+18,0.3394417226314545,0.10890410958904109
2018-05-16,2018-05-16,t+18,0.3864135012030602,0.10890410958904109
2018-05-17,2018-05-17,t+18,0.34437267780303954,0.10890410958904109
2018-05-18,2018-05-18,t+18,0.34471067994832993,0.10890410958904109
2018-05-19,2018-05-19,t+18,0.36643076509237293,0.10890410958904109
2018-05-20,2018-05-20,t+18,0.36974364101886753,0.10890410958904109
2018-05-21,2018-05-21,t+18,0.48282315194606784,0.09801369863013698
2018-05-22,2018-05-22,t+18,0.33529940754175186,0.09801369863013698
2018-05-23,2018-05-23,t+18,0.3859464441239834,0.10890410958904109
2018-05-24,2018-05-24,t+18,0.33963652521371845,0.09801369863013698
2018-05-25,2018-05-25,t+18,0.35189596205949786,0.10890410958904109
2018-05-26,2018-05-26,t+18,0.37771813184022907,0.10890410958904109
2018-05-27,2018-05-27,t+18,0.39186671778559684,0.10890410958904109
2018-05-28,2018-05-28,t+18,0.597201789021492,0.34849315068493153
2018-05-29,2018-05-29,t+18,0.4652767512202263,0.1197945205479452
2018-05-30,2018-05-30,t+18,0.44561846494674684,0.7732191780821918
2018-05-31,2018-05-31,t+18,0.4322691097855568,0.9692465753424658
2018-06-01,2018-06-01,t+18,0.46663615196943287,0.49006849315068496
2018-06-02,2018-06-02,t+18,0.4260111182928086,0.3267123287671233
2018-06-03,2018-06-03,t+18,0.5102189058065415,0.49006849315068496
2018-06-04,2018-06-04,t+18,0.7569538378715516,0.3267123287671233
2018-04-25,2018-04-25,t+19,0.6092419722676278,0.6969863013698631
2018-04-26,2018-04-26,t+19,0.5097392678260804,0.7187671232876712
2018-04-27,2018-04-27,t+19,0.5069976264238357,0.2395890410958904
2018-04-28,2018-04-28,t+19,0.3993523067235947,0.29404109589041094
2018-04-29,2018-04-29,t+19,0.4396525114774704,1.8295890410958904
2018-04-30,2018-04-30,t+19,0.8624129712581635,0.2395890410958904
2018-05-01,2018-05-01,t+19,0.5030776450037956,0.09801369863013698
2018-05-02,2018-05-02,t+19,0.47261741101741794,0.500958904109589
2018-05-03,2018-05-03,t+19,0.46475475043058395,0.2286986301369863
2018-05-04,2018-05-04,t+19,0.5530711144208909,0.37027397260273975
2018-05-05,2018-05-05,t+19,0.3944868385791779,0.09801369863013698
2018-05-06,2018-05-06,t+19,0.41872580498456957,0.10890410958904109
2018-05-07,2018-05-07,t+19,0.5682990279793739,0.09801369863013698
2018-05-08,2018-05-08,t+19,0.37808210134506226,0.09801369863013698
2018-05-09,2018-05-09,t+19,0.41112741440534595,0.10890410958904109
2018-05-10,2018-05-10,t+19,0.3731103470921517,0.09801369863013698
2018-05-11,2018-05-11,t+19,0.41304084867239,0.10890410958904109
2018-05-12,2018-05-12,t+19,0.34311046510934834,0.10890410958904109
2018-05-13,2018-05-13,t+19,0.3241017419099808,0.09801369863013698
2018-05-14,2018-05-14,t+19,0.49980457305908205,0.10890410958904109
2018-05-15,2018-05-15,t+19,0.36106594651937485,0.10890410958904109
2018-05-16,2018-05-16,t+19,0.36643948405981064,0.10890410958904109
2018-05-17,2018-05-17,t+19,0.3373342913389206,0.10890410958904109
2018-05-18,2018-05-18,t+19,0.3737865409255028,0.20691780821917807
2018-05-19,2018-05-19,t+19,0.3524137929081917,0.10890410958904109
2018-05-20,2018-05-20,t+19,0.3334711253643036,0.09801369863013698
2018-05-21,2018-05-21,t+19,0.49729602187871935,0.09801369863013698
2018-05-22,2018-05-22,t+19,0.3536621689796448,0.09801369863013698
2018-05-23,2018-05-23,t+19,0.35556110322475437,0.0
2018-05-24,2018-05-24,t+19,0.32988658726215364,0.10890410958904109
2018-05-25,2018-05-25,t+19,0.38031809002161027,0.09801369863013698
2018-05-26,2018-05-26,t+19,0.3594171613454819,0.10890410958904109
2018-05-27,2018-05-27,t+19,0.35176313996315006,0.10890410958904109
2018-05-28,2018-05-28,t+19,0.6183005529642105,0.3267123287671233
2018-05-29,2018-05-29,t+19,0.5093151184916497,0.10890410958904109
2018-05-30,2018-05-30,t+19,0.4223110538721085,0.0
2018-05-31,2018-05-31,t+19,0.4225045296549797,0.4682876712328767
2018-06-01,2018-06-01,t+19,0.5064189049601555,0.3267123287671233
2018-06-02,2018-06-02,t+19,0.4102016401290894,0.3376027397260274
2018-06-03,2018-06-03,t+19,0.4793768852949143,0.6969863013698631
2018-06-04,2018-06-04,t+19,0.778190446794033,0.41383561643835615
2018-04-25,2018-04-25,t+20,0.5993143379688263,0.9365753424657534
2018-04-26,2018-04-26,t+20,0.48192533522844316,0.34849315068493153
2018-04-27,2018-04-27,t+20,0.594977078139782,0.21780821917808219
2018-04-28,2018-04-28,t+20,0.4376222240924835,0.37027397260273975
2018-04-29,2018-04-29,t+20,0.521477935910225,0.3920547945205479
2018-04-30,2018-04-30,t+20,0.7616766276955604,0.29404109589041094
2018-05-01,2018-05-01,t+20,0.5569335222244263,0.10890410958904109
2018-05-02,2018-05-02,t+20,0.46725448787212376,0.31582191780821917
2018-05-03,2018-05-03,t+20,0.4604616540670395,2.1127397260273972
2018-05-04,2018-05-04,t+20,0.6680098503828049,0.6643150684931506
2018-05-05,2018-05-05,t+20,0.4407213431596756,0.09801369863013698
2018-05-06,2018-05-06,t+20,0.4187420582771301,0.09801369863013698
2018-05-07,2018-05-07,t+20,0.5495739081501961,0.09801369863013698
2018-05-08,2018-05-08,t+20,0.4157956159114838,0.13068493150684932
2018-05-09,2018-05-09,t+20,0.4185673946142197,0.09801369863013698
2018-05-10,2018-05-10,t+20,0.476790905892849,0.09801369863013698
2018-05-11,2018-05-11,t+20,0.4458681875467301,0.10890410958904109
2018-05-12,2018-05-12,t+20,0.36410216107964516,0.10890410958904109
2018-05-13,2018-05-13,t+20,0.3420728605985642,0.10890410958904109
2018-05-14,2018-05-14,t+20,0.5032792237401009,0.10890410958904109
2018-05-15,2018-05-15,t+20,0.40188507199287415,0.10890410958904109
2018-05-16,2018-05-16,t+20,0.37148918777704243,0.10890410958904109
2018-05-17,2018-05-17,t+20,0.3435057328641415,0.10890410958904109
2018-05-18,2018-05-18,t+20,0.3992074486613274,0.15246575342465757
2018-05-19,2018-05-19,t+20,0.3691444252431393,0.09801369863013698
2018-05-20,2018-05-20,t+20,0.34462991103529933,0.10890410958904109
2018-05-21,2018-05-21,t+20,0.509919191300869,0.09801369863013698
2018-05-22,2018-05-22,t+20,0.3943296839296818,0.10890410958904109
2018-05-23,2018-05-23,t+20,0.3659863346815109,0.10890410958904109
2018-05-24,2018-05-24,t+20,0.33725764498114585,0.10890410958904109
2018-05-25,2018-05-25,t+20,0.404583592414856,0.09801369863013698
2018-05-26,2018-05-26,t+20,0.37204691737890244,0.10890410958904109
2018-05-27,2018-05-27,t+20,0.35540842652320864,0.3376027397260274
2018-05-28,2018-05-28,t+20,0.7270347484946251,0.6534246575342466
2018-05-29,2018-05-29,t+20,0.5740428373217583,0.49006849315068496
2018-05-30,2018-05-30,t+20,0.45611013114452365,0.2722602739726027
2018-05-31,2018-05-31,t+20,0.39138954386115077,0.3376027397260274
2018-06-01,2018-06-01,t+20,0.5132593140006065,0.3593835616438356
2018-06-02,2018-06-02,t+20,0.42044097751379017,0.29404109589041094
2018-06-03,2018-06-03,t+20,0.5329242816567421,0.2504794520547945
2018-06-04,2018-06-04,t+20,0.7356545376777649,0.30493150684931514
2018-04-25,2018-04-25,t+21,0.5244917607307434,0.21780821917808219
2018-04-26,2018-04-26,t+21,0.4257546195387841,0.3811643835616438
2018-04-27,2018-04-27,t+21,0.5511435592174531,0.2504794520547945
2018-04-28,2018-04-28,t+21,0.42511254340410237,0.402945205479452
2018-04-29,2018-04-29,t+21,0.5699105679988862,0.7187671232876712
2018-04-30,2018-04-30,t+21,0.5856899562478066,0.34849315068493153
2018-05-01,2018-05-01,t+21,0.47768114089965824,0.21780821917808219
2018-05-02,2018-05-02,t+21,0.41819650679826736,0.29404109589041094
2018-05-03,2018-05-03,t+21,0.4155251383781433,1.2088356164383562
2018-05-04,2018-05-04,t+21,0.6233583122491837,0.28315068493150686
2018-05-05,2018-05-05,t+21,0.4447049161791802,0.09801369863013698
2018-05-06,2018-05-06,t+21,0.4192502698302269,0.10890410958904109
2018-05-07,2018-05-07,t+21,0.4824660059809685,0.09801369863013698
2018-05-08,2018-05-08,t+21,0.344924721121788,0.10890410958904109
2018-05-09,2018-05-09,t+21,0.3853086327016354,0.10890410958904109
2018-05-10,2018-05-10,t+21,0.5003895968198776,0.09801369863013698
2018-05-11,2018-05-11,t+21,0.38725815117359164,0.09801369863013698
2018-05-12,2018-05-12,t+21,0.35117269054055217,0.10890410958904109
2018-05-13,2018-05-13,t+21,0.33422342061996463,0.10890410958904109
2018-05-14,2018-05-14,t+21,0.440141484439373,0.10890410958904109
2018-05-15,2018-05-15,t+21,0.32997664377093316,0.10890410958904109
2018-05-16,2018-05-16,t+21,0.343047276288271,0.10890410958904109
2018-05-17,2018-05-17,t+21,0.3153248691558838,0.09801369863013698
2018-05-18,2018-05-18,t+21,0.3457458677887917,0.13068493150684932
2018-05-19,2018-05-19,t+21,0.3573918731510639,0.09801369863013698
2018-05-20,2018-05-20,t+21,0.3294864150881767,0.09801369863013698
2018-05-21,2018-05-21,t+21,0.44195607215166094,0.10890410958904109
2018-05-22,2018-05-22,t+21,0.3215905845165253,0.10890410958904109
2018-05-23,2018-05-23,t+21,0.34116878896951675,0.10890410958904109
2018-05-24,2018-05-24,t+21,0.3144542518258095,0.10890410958904109
2018-05-25,2018-05-25,t+21,0.3531008380651474,0.10890410958904109
2018-05-26,2018-05-26,t+21,0.3580921389162541,0.10890410958904109
2018-05-27,2018-05-27,t+21,0.3328459896147251,0.9583561643835616
2018-05-28,2018-05-28,t+21,0.6442602834105492,0.7949999999999999
2018-05-29,2018-05-29,t+21,0.4990683889389038,0.5554109589041096
2018-05-30,2018-05-30,t+21,0.4315665221214295,0.14157534246575343
2018-05-31,2018-05-31,t+21,0.3630120532214642,0.49006849315068496
2018-06-01,2018-06-01,t+21,0.45274674206972126,0.2286986301369863
2018-06-02,2018-06-02,t+21,0.4076758405566216,0.7949999999999999
2018-06-03,2018-06-03,t+21,0.5489215019345284,0.20691780821917807
2018-06-04,2018-06-04,t+21,0.6120327052474022,0.5227397260273973
2018-04-25,2018-04-25,t+22,0.29233077228069304,0.18513698630136988
2018-04-26,2018-04-26,t+22,0.2711420229077339,0.2286986301369863
2018-04-27,2018-04-27,t+22,0.37750968217849734,0.26136986301369863
2018-04-28,2018-04-28,t+22,0.3517185737192631,0.6425342465753424
2018-04-29,2018-04-29,t+22,0.4317230844497681,0.2395890410958904
2018-04-30,2018-04-30,t+22,0.3195303019881249,0.28315068493150686
2018-05-01,2018-05-01,t+22,0.2945345386862755,0.16335616438356165
2018-05-02,2018-05-02,t+22,0.249693813174963,0.26136986301369863
2018-05-03,2018-05-03,t+22,0.2710982148349285,2.4503424657534247
2018-05-04,2018-05-04,t+22,0.4383150976896286,0.2504794520547945
2018-05-05,2018-05-05,t+22,0.37159661114215853,0.10890410958904109
2018-05-06,2018-05-06,t+22,0.29721372574567795,0.10890410958904109
2018-05-07,2018-05-07,t+22,0.29478340834379196,0.10890410958904109
2018-05-08,2018-05-08,t+22,0.24683690607547762,0.09801369863013698
2018-05-09,2018-05-09,t+22,0.2509859973192215,0.10890410958904109
2018-05-10,2018-05-10,t+22,0.33495517417788506,0.09801369863013698
2018-05-11,2018-05-11,t+22,0.2894060562551022,0.09801369863013698
2018-05-12,2018-05-12,t+22,0.30863993257284167,0.09801369863013698
2018-05-13,2018-05-13,t+22,0.2618694484233856,0.10890410958904109
2018-05-14,2018-05-14,t+22,0.2916170963644982,0.10890410958904109
2018-05-15,2018-05-15,t+22,0.24781053990125657,0.10890410958904109
2018-05-16,2018-05-16,t+22,0.23846781089901925,0.10890410958904109
2018-05-17,2018-05-17,t+22,0.22496487870812418,0.09801369863013698
2018-05-18,2018-05-18,t+22,0.27724079847335814,0.10890410958904109
2018-05-19,2018-05-19,t+22,0.31647401958703997,0.09801369863013698
2018-05-20,2018-05-20,t+22,0.2627938011288643,0.09801369863013698
2018-05-21,2018-05-21,t+22,0.3009811726212502,0.10890410958904109
2018-05-22,2018-05-22,t+22,0.25020489156246184,0.10890410958904109
2018-05-23,2018-05-23,t+22,0.24624626711010933,0.10890410958904109
2018-05-24,2018-05-24,t+22,0.22449073746800424,0.10890410958904109
2018-05-25,2018-05-25,t+22,0.28577218964695933,0.10890410958904109
2018-05-26,2018-05-26,t+22,0.3168587203323841,0.09801369863013698
2018-05-27,2018-05-27,t+22,0.2686613819003105,3.005753424657534
2018-05-28,2018-05-28,t+22,0.46978156685829164,0.3811643835616438
2018-05-29,2018-05-29,t+22,0.35001887261867526,0.3920547945205479
2018-05-30,2018-05-30,t+22,0.313439581990242,0.1197945205479452
2018-05-31,2018-05-31,t+22,0.2541357006132603,0.29404109589041094
2018-06-01,2018-06-01,t+22,0.341551665365696,0.13068493150684932
2018-06-02,2018-06-02,t+22,0.35146792709827424,0.3376027397260274
2018-06-03,2018-06-03,t+22,0.43323942661285403,0.16335616438356165
2018-06-04,2018-06-04,t+22,0.39970386117696766,0.2286986301369863
2018-04-25,2018-04-25,t+23,0.1834433788061142,0.13068493150684932
2018-04-26,2018-04-26,t+23,0.19075553610920906,0.1197945205479452
2018-04-27,2018-04-27,t+23,0.26361641675233843,0.26136986301369863
2018-04-28,2018-04-28,t+23,0.27297554120421413,0.686095890410959
2018-04-29,2018-04-29,t+23,0.35297038525342944,0.13068493150684932
2018-04-30,2018-04-30,t+23,0.2020166037976742,0.14157534246575343
2018-05-01,2018-05-01,t+23,0.1531318885087967,0.10890410958904109
2018-05-02,2018-05-02,t+23,0.1607693959772587,0.17424657534246576
2018-05-03,2018-05-03,t+23,0.1845781832188368,0.5989726027397261
2018-05-04,2018-05-04,t+23,0.318988162279129,0.13068493150684932
2018-05-05,2018-05-05,t+23,0.2805237029492855,0.09801369863013698
2018-05-06,2018-05-06,t+23,0.20950335368514061,0.09801369863013698
2018-05-07,2018-05-07,t+23,0.21080330908298495,0.09801369863013698
2018-05-08,2018-05-08,t+23,0.1382458982616663,0.09801369863013698
2018-05-09,2018-05-09,t+23,0.16926754608750344,0.09801369863013698
2018-05-10,2018-05-10,t+23,0.20595748230814934,0.10890410958904109
2018-05-11,2018-05-11,t+23,0.20627916008234026,0.09801369863013698
2018-05-12,2018-05-12,t+23,0.24065364181995394,0.09801369863013698
2018-05-13,2018-05-13,t+23,0.20979148238897324,0.10890410958904109
2018-05-14,2018-05-14,t+23,0.2133882459998131,0.10890410958904109
2018-05-15,2018-05-15,t+23,0.14039833411574365,0.09801369863013698
2018-05-16,2018-05-16,t+23,0.16831161081790924,0.10890410958904109
2018-05-17,2018-05-17,t+23,0.16161863051354886,0.10890410958904109
2018-05-18,2018-05-18,t+23,0.20585425257682802,0.09801369863013698
2018-05-19,2018-05-19,t+23,0.2517117565870285,0.09801369863013698
2018-05-20,2018-05-20,t+23,0.21523391872644426,0.10890410958904109
2018-05-21,2018-05-21,t+23,0.21875131130218506,0.10890410958904109
2018-05-22,2018-05-22,t+23,0.14405903287231922,0.10890410958904109
2018-05-23,2018-05-23,t+23,0.17682224705815316,0.10890410958904109
2018-05-24,2018-05-24,t+23,0.16090254977345467,0.10890410958904109
2018-05-25,2018-05-25,t+23,0.21061428755521774,0.10890410958904109
2018-05-26,2018-05-26,t+23,0.2580517490208149,0.10890410958904109
2018-05-27,2018-05-27,t+23,0.22494687214493753,1.1108219178082193
2018-05-28,2018-05-28,t+23,0.3734921810030937,0.2722602739726027
2018-05-29,2018-05-29,t+23,0.20532467007637026,0.37027397260273975
2018-05-30,2018-05-30,t+23,0.2283305896818638,0.09801369863013698
2018-05-31,2018-05-31,t+23,0.18041593059897423,0.13068493150684932
2018-06-01,2018-06-01,t+23,0.2493282562494278,0.10890410958904109
2018-06-02,2018-06-02,t+23,0.2878421151638031,0.2286986301369863
2018-06-03,2018-06-03,t+23,0.34983416318893434,0.20691780821917807
2018-06-04,2018-06-04,t+23,0.2678866495192051,0.14157534246575343
2018-04-25,2018-04-25,t+24,0.12858939304947853,0.1197945205479452
2018-04-26,2018-04-26,t+24,0.13253586307168008,0.1197945205479452
2018-04-27,2018-04-27,t+24,0.22343012720346453,0.2286986301369863
2018-04-28,2018-04-28,t+24,0.19797699719667436,0.2504794520547945
2018-04-29,2018-04-29,t+24,0.27194222509860994,0.10890410958904109
2018-04-30,2018-04-30,t+24,0.12361534059047699,0.13068493150684932
2018-05-01,2018-05-01,t+24,0.11169968694448472,0.1197945205479452
2018-05-02,2018-05-02,t+24,0.09728545680642128,0.1197945205479452
2018-05-03,2018-05-03,t+24,0.12463768690824509,0.10890410958904109
2018-05-04,2018-05-04,t+24,0.21726972654461862,0.10890410958904109
2018-05-05,2018-05-05,t+24,0.21450233101844787,0.10890410958904109
2018-05-06,2018-05-06,t+24,0.15908209808170795,0.09801369863013698
2018-05-07,2018-05-07,t+24,0.12414266042411327,0.10890410958904109
2018-05-08,2018-05-08,t+24,0.09423586763441563,0.10890410958904109
2018-05-09,2018-05-09,t+24,0.1003461816161871,0.09801369863013698
2018-05-10,2018-05-10,t+24,0.19700931027531624,0.09801369863013698
2018-05-11,2018-05-11,t+24,0.14120950609445573,0.09801369863013698
2018-05-12,2018-05-12,t+24,0.18721009120345117,0.10890410958904109
2018-05-13,2018-05-13,t+24,0.17680950030684472,0.10890410958904109
2018-05-14,2018-05-14,t+24,0.12502928227186202,0.10890410958904109
2018-05-15,2018-05-15,t+24,0.09566052440553904,0.10890410958904109
2018-05-16,2018-05-16,t+24,0.09132158238440752,0.10890410958904109
2018-05-17,2018-05-17,t+24,0.10786316357553005,0.09801369863013698
2018-05-18,2018-05-18,t+24,0.13713296234607697,0.09801369863013698
2018-05-19,2018-05-19,t+24,0.20297076210379603,0.10890410958904109
2018-05-20,2018-05-20,t+24,0.18016151681542397,0.10890410958904109
2018-05-21,2018-05-21,t+24,0.12756955817341806,0.10890410958904109
2018-05-22,2018-05-22,t+24,0.09839176464825869,0.10890410958904109
2018-05-23,2018-05-23,t+24,0.09565288938581944,0.09801369863013698
2018-05-24,2018-05-24,t+24,0.10839885883033276,0.10890410958904109
2018-05-25,2018-05-25,t+24,0.14123356617987157,0.10890410958904109
2018-05-26,2018-05-26,t+24,0.2191071304678917,0.09801369863013698
2018-05-27,2018-05-27,t+24,0.18576523035764694,0.26136986301369863
2018-05-28,2018-05-28,t+24,0.23910171300172806,0.10890410958904109
2018-05-29,2018-05-29,t+24,0.138024690002203,0.15246575342465757
2018-05-30,2018-05-30,t+24,0.12971527710556985,0.1197945205479452
2018-05-31,2018-05-31,t+24,0.11445022501051426,0.1197945205479452
2018-06-01,2018-06-01,t+24,0.16247720003128052,0.13068493150684932
2018-06-02,2018-06-02,t+24,0.246406170129776,0.1197945205479452
2018-06-03,2018-06-03,t+24,0.3005940552055836,0.16335616438356165
2018-06-04,2018-06-04,t+24,0.16262620434165,0.0
