Date,"Forecasted consumption kW"
2019-07-03 00:00:00,6.719238024626306
2019-07-03 00:15:00,6.7745306311730715
2019-07-03 00:30:00,6.372161098305486
2019-07-03 00:45:00,5.983380327892486
2019-07-03 01:00:00,6.196633706935374
2019-07-03 01:15:00,6.508881284367761
2019-07-03 01:30:00,5.98570117510248
2019-07-03 01:45:00,6.115585985503505
2019-07-03 02:00:00,6.132999414946816
2019-07-03 02:15:00,6.851501733804453
2019-07-03 02:30:00,6.909178553622912
2019-07-03 02:45:00,5.936032007692205
2019-07-03 03:00:00,6.203580729190249
2019-07-03 03:15:00,6.232359304848495
2019-07-03 03:30:00,6.550908756987018
2019-07-03 03:45:00,6.8629743411279724
2019-07-03 04:00:00,6.745360943520249
2019-07-03 04:15:00,6.7929887697287015
2019-07-03 04:30:00,7.54171046389154
2019-07-03 04:45:00,7.767833544679153
2019-07-03 05:00:00,7.926624228795147
2019-07-03 05:15:00,7.982840806755126
2019-07-03 05:30:00,8.507215904365584
2019-07-03 05:45:00,8.98234885747873
2019-07-03 06:00:00,10.043978533890916
2019-07-03 06:15:00,10.47083813534961
2019-07-03 06:30:00,11.092825360896938
2019-07-03 06:45:00,11.530746492669298
2019-07-03 07:00:00,12.361605409748991
2019-07-03 07:15:00,13.592546981537396
2019-07-03 07:30:00,14.06167513098309
2019-07-03 07:45:00,14.536539034591263
2019-07-03 08:00:00,15.695236256326856
2019-07-03 08:15:00,16.552890491983263
2019-07-03 08:30:00,17.394856891292505
2019-07-03 08:45:00,17.300654499192625
2019-07-03 09:00:00,18.817869914827174
2019-07-03 09:15:00,19.38422686178401
2019-07-03 09:30:00,19.436994531384705
2019-07-03 09:45:00,20.279526942111197
2019-07-03 10:00:00,21.079843585545312
2019-07-03 10:15:00,21.680479924713374
2019-07-03 10:30:00,22.070901254588513
2019-07-03 10:45:00,23.055923027976306
2019-07-03 11:00:00,23.587567391246285
2019-07-03 11:15:00,23.870179514744947
2019-07-03 11:30:00,23.47998762330549
2019-07-03 11:45:00,22.73102731842809
2019-07-03 12:00:00,24.495517934762233
2019-07-03 12:15:00,24.56155956776263
2019-07-03 12:30:00,24.19625376212951
2019-07-03 12:45:00,23.905806988248038
2019-07-03 13:00:00,24.05937989225695
2019-07-03 13:15:00,23.648209571664886
2019-07-03 13:30:00,23.844820256499283
2019-07-03 13:45:00,23.771468462406418
2019-07-03 14:00:00,23.412743684519118
2019-07-03 14:15:00,23.294746510816204
2019-07-03 14:30:00,22.594822513414655
2019-07-03 14:45:00,22.13959407828879
2019-07-03 15:00:00,21.34235540244226
2019-07-03 15:15:00,20.93599130205454
2019-07-03 15:30:00,20.89856343258517
2019-07-03 15:45:00,20.330836259238293
2019-07-03 16:00:00,19.46344662792135
2019-07-03 16:15:00,19.52648185444161
2019-07-03 16:30:00,18.949116314537136
2019-07-03 16:45:00,18.485238538236384
2019-07-03 17:00:00,17.228561105672632
2019-07-03 17:15:00,16.295747135509615
2019-07-03 17:30:00,16.153222378765474
2019-07-03 17:45:00,15.521418418864249
2019-07-03 18:00:00,14.95945590740743
2019-07-03 18:15:00,14.583855688629212
2019-07-03 18:30:00,13.155285002777315
2019-07-03 18:45:00,12.613317175170176
2019-07-03 19:00:00,12.210758001422931
2019-07-03 19:15:00,11.079690365366123
2019-07-03 19:30:00,11.441940882822529
2019-07-03 19:45:00,10.084134682281912
2019-07-03 20:00:00,10.179780253032504
2019-07-03 20:15:00,9.344198100152614
2019-07-03 20:30:00,8.568888863411676
2019-07-03 20:45:00,8.357649130332584
2019-07-03 21:00:00,8.615073667533519
2019-07-03 21:15:00,8.069709553039964
2019-07-03 21:30:00,7.585784623286327
2019-07-03 21:45:00,7.73543103871425
2019-07-03 22:00:00,6.803320736137543
2019-07-03 22:15:00,7.154753746905999
2019-07-03 22:30:00,6.3408999433485675
2019-07-03 22:45:00,6.427418751876116
2019-07-03 23:00:00,6.08667341294199
2019-07-03 23:15:00,6.011807020083966
2019-07-03 23:30:00,6.350545497032018
2019-07-03 23:45:00,5.823113960814952
2019-07-04 00:00:00,6.687896997876987
2019-07-04 00:15:00,6.7151393581482655
2019-07-04 00:30:00,6.313110777119715
2019-07-04 00:45:00,5.975956073394858
2019-07-04 01:00:00,6.2147905674157
2019-07-04 01:15:00,6.477306831970373
2019-07-04 01:30:00,5.928824116145375
2019-07-04 01:45:00,6.119955294000178
2019-07-04 02:00:00,6.135278407525471
2019-07-04 02:15:00,6.792172805050917
2019-07-04 02:30:00,6.834078362024928
2019-07-04 02:45:00,5.9218944920766905
2019-07-04 03:00:00,6.176206988153923
2019-07-04 03:15:00,6.152283145558936
2019-07-04 03:30:00,6.506681830621524
2019-07-04 03:45:00,6.725051290012267
2019-07-04 04:00:00,6.689709444790616
2019-07-04 04:15:00,6.772630245458013
2019-07-04 04:30:00,7.29505250617618
2019-07-04 04:45:00,7.562408442151224
2019-07-04 05:00:00,7.687729215976681
2019-07-04 05:15:00,7.85248851065162
2019-07-04 05:30:00,8.297995642714092
2019-07-04 05:45:00,8.665335630599985
2019-07-04 06:00:00,9.51472148132284
2019-07-04 06:15:00,10.013460133601374
2019-07-04 06:30:00,10.749032239752264
2019-07-04 06:45:00,10.904897744555447
2019-07-04 07:00:00,11.625430232456894
2019-07-04 07:15:00,12.985626280850902
2019-07-04 07:30:00,13.464548414018163
2019-07-04 07:45:00,13.818926231032163
2019-07-04 08:00:00,15.003149332844
2019-07-04 08:15:00,15.695851261543702
2019-07-04 08:30:00,16.64192464954308
2019-07-04 08:45:00,16.626196462185057
2019-07-04 09:00:00,17.97336760076447
2019-07-04 09:15:00,18.514384754173957
2019-07-04 09:30:00,18.64684576416175
2019-07-04 09:45:00,19.663063573989334
2019-07-04 10:00:00,20.38034722454593
2019-07-04 10:15:00,21.122063422651735
2019-07-04 10:30:00,21.094884311164975
2019-07-04 10:45:00,22.33612982002178
2019-07-04 11:00:00,22.64700236105736
2019-07-04 11:15:00,22.67845303199304
2019-07-04 11:30:00,22.639797777024967
2019-07-04 11:45:00,22.068218700974697
2019-07-04 12:00:00,23.68122977271331
2019-07-04 12:15:00,23.642294470004494
2019-07-04 12:30:00,23.33502531297131
2019-07-04 12:45:00,23.252867862602443
2019-07-04 13:00:00,23.31413271899257
2019-07-04 13:15:00,22.96763996819911
2019-07-04 13:30:00,23.216270788733773
2019-07-04 13:45:00,22.96278463327971
2019-07-04 14:00:00,22.696728763981074
2019-07-04 14:15:00,22.834535533151215
2019-07-04 14:30:00,22.070401553151456
2019-07-04 14:45:00,21.667418287668077
2019-07-04 15:00:00,20.813235580982557
2019-07-04 15:15:00,20.43860858129435
2019-07-04 15:30:00,20.478998664341546
2019-07-04 15:45:00,19.70090286721505
2019-07-04 16:00:00,19.044062110636936
2019-07-04 16:15:00,19.15504261380491
2019-07-04 16:30:00,18.60225306316702
2019-07-04 16:45:00,18.243731894351907
2019-07-04 17:00:00,16.922044692517428
2019-07-04 17:15:00,16.13096968660932
2019-07-04 17:30:00,16.0291186065674
2019-07-04 17:45:00,15.406717208644318
2019-07-04 18:00:00,14.806996977465008
2019-07-04 18:15:00,14.550980263831724
2019-07-04 18:30:00,13.192858489752833
2019-07-04 18:45:00,12.576323545350025
2019-07-04 19:00:00,12.190478246276832
2019-07-04 19:15:00,11.121266011013068
2019-07-04 19:30:00,11.617723571751903
2019-07-04 19:45:00,10.193406316724065
2019-07-04 20:00:00,10.330026166032955
2019-07-04 20:15:00,9.453343567926954
2019-07-04 20:30:00,8.644137570761696
2019-07-04 20:45:00,8.595050523580394
2019-07-04 21:00:00,8.762186800026647
2019-07-04 21:15:00,8.203841507738991
2019-07-04 21:30:00,7.6200246346271365
2019-07-04 21:45:00,7.854908159369872
2019-07-04 22:00:00,6.904333301560855
2019-07-04 22:15:00,7.23943593399922
2019-07-04 22:30:00,6.376790529214484
2019-07-04 22:45:00,6.514707800343194
2019-07-04 23:00:00,6.115352740480875
2019-07-04 23:15:00,6.017492794860073
2019-07-04 23:30:00,6.355304044182791
2019-07-04 23:45:00,5.835847452076286
2019-07-05 00:00:00,6.003362688451301
2019-07-05 00:15:00,5.963872348662601
2019-07-05 00:30:00,5.764518544460987
2019-07-05 00:45:00,5.520121897651446
2019-07-05 01:00:00,5.641610262166382
2019-07-05 01:15:00,5.95095241659184
2019-07-05 01:30:00,5.514791293501754
2019-07-05 01:45:00,5.955277359986433
2019-07-05 02:00:00,5.743519044152595
2019-07-05 02:15:00,5.7729263842718135
2019-07-05 02:30:00,5.728497828538776
2019-07-05 02:45:00,5.704063952486315
2019-07-05 03:00:00,5.799192181085848
2019-07-05 03:15:00,5.738254106195661
2019-07-05 03:30:00,6.046368912466332
2019-07-05 03:45:00,6.044807712177291
2019-07-05 04:00:00,5.95445671087516
2019-07-05 04:15:00,5.952346073022698
2019-07-05 04:30:00,6.024061946112015
2019-07-05 04:45:00,6.304107763460476
2019-07-05 05:00:00,6.066237217830563
2019-07-05 05:15:00,6.306918531107214
2019-07-05 05:30:00,6.45621674847666
2019-07-05 05:45:00,6.8768717556958
2019-07-05 06:00:00,6.376115958965263
2019-07-05 06:15:00,6.752767550215237
2019-07-05 06:30:00,7.354663827119894
2019-07-05 06:45:00,7.522252279747731
2019-07-05 07:00:00,7.590674143206117
2019-07-05 07:15:00,7.6244152692336815
2019-07-05 07:30:00,7.489550289650115
2019-07-05 07:45:00,8.103544069524565
2019-07-05 08:00:00,8.490630323965144
2019-07-05 08:15:00,8.80599094618979
2019-07-05 08:30:00,9.164967913830424
2019-07-05 08:45:00,9.898491453000187
2019-07-05 09:00:00,9.126002239947463
2019-07-05 09:15:00,9.378398621992776
2019-07-05 09:30:00,10.73616048213567
2019-07-05 09:45:00,10.50935870902103
2019-07-05 10:00:00,11.381267166276446
2019-07-05 10:15:00,12.217421308390897
2019-07-05 10:30:00,12.552753300100985
2019-07-05 10:45:00,12.398975430165885
2019-07-05 11:00:00,13.418545036402737
2019-07-05 11:15:00,12.830232178853922
2019-07-05 11:30:00,12.978802924944661
2019-07-05 11:45:00,13.698375480987817
2019-07-05 12:00:00,12.961685096454522
2019-07-05 12:15:00,13.897529607284136
2019-07-05 12:30:00,13.471141086805005
2019-07-05 12:45:00,13.228649211470023
2019-07-05 13:00:00,14.506384451134819
2019-07-05 13:15:00,13.875508410326
2019-07-05 13:30:00,13.587191536932634
2019-07-05 13:45:00,14.063127692245693
2019-07-05 14:00:00,13.352547318182157
2019-07-05 14:15:00,13.038678232377178
2019-07-05 14:30:00,13.328159043535914
2019-07-05 14:45:00,14.050629118856364
2019-07-05 15:00:00,12.84510944937637
2019-07-05 15:15:00,13.01028915423337
2019-07-05 15:30:00,12.65741867221774
2019-07-05 15:45:00,12.760649499048634
2019-07-05 16:00:00,12.176838870283632
2019-07-05 16:15:00,12.327171451644531
2019-07-05 16:30:00,11.18816692192324
2019-07-05 16:45:00,12.935350077784065
2019-07-05 17:00:00,12.285153467329035
2019-07-05 17:15:00,11.786302487381164
2019-07-05 17:30:00,11.506313937524446
2019-07-05 17:45:00,10.684982035603841
2019-07-05 18:00:00,11.13026997530672
2019-07-05 18:15:00,10.818513792536109
2019-07-05 18:30:00,11.221979036120006
2019-07-05 18:45:00,11.076304450055245
2019-07-05 19:00:00,10.16314535984694
2019-07-05 19:15:00,10.311305204892534
2019-07-05 19:30:00,10.11978117979841
2019-07-05 19:45:00,9.071892132970856
2019-07-05 20:00:00,9.840553933659455
2019-07-05 20:15:00,9.812939453447587
2019-07-05 20:30:00,9.453427882089617
2019-07-05 20:45:00,9.460896121123618
2019-07-05 21:00:00,9.59655055906037
2019-07-05 21:15:00,9.37812982005607
2019-07-05 21:30:00,8.54536225356678
2019-07-05 21:45:00,8.43318399942161
2019-07-05 22:00:00,8.160369913131477
2019-07-05 22:15:00,8.379602831766894
2019-07-05 22:30:00,7.805702451195042
2019-07-05 22:45:00,7.91342201481714
2019-07-05 23:00:00,7.18722920849116
2019-07-05 23:15:00,7.334991851275938
2019-07-05 23:30:00,7.8294514879855654
2019-07-05 23:45:00,7.149991309337349
2019-07-06 00:00:00,6.058759302935805
2019-07-06 00:15:00,6.012546312398889
2019-07-06 00:30:00,5.8194608871763105
2019-07-06 00:45:00,5.57819958913121
2019-07-06 01:00:00,5.696087243895741
2019-07-06 01:15:00,5.990129565700709
2019-07-06 01:30:00,5.577430494149741
2019-07-06 01:45:00,6.031225956735998
2019-07-06 02:00:00,5.796135070473813
2019-07-06 02:15:00,5.823968473854048
2019-07-06 02:30:00,5.754837445265912
2019-07-06 02:45:00,5.718651261494829
2019-07-06 03:00:00,5.7908170912098935
2019-07-06 03:15:00,5.745454545611067
2019-07-06 03:30:00,6.054612602156644
2019-07-06 03:45:00,6.034593538040783
2019-07-06 04:00:00,5.969319001069011
2019-07-06 04:15:00,5.9432221114945065
2019-07-06 04:30:00,5.995820103629076
2019-07-06 04:45:00,6.2778730035133
2019-07-06 05:00:00,6.047559867287606
2019-07-06 05:15:00,6.275480582832865
2019-07-06 05:30:00,6.415837805762675
2019-07-06 05:45:00,6.812409020552862
2019-07-06 06:00:00,6.2999920507042795
2019-07-06 06:15:00,6.666524874973448
2019-07-06 06:30:00,7.225458802536627
2019-07-06 06:45:00,7.392055200431338
2019-07-06 07:00:00,7.428185089299071
2019-07-06 07:15:00,7.5011049479391705
2019-07-06 07:30:00,7.352246785208431
2019-07-06 07:45:00,7.877622055330972
2019-07-06 08:00:00,8.322764086580753
2019-07-06 08:15:00,8.57122419812481
2019-07-06 08:30:00,8.984442944296251
2019-07-06 08:45:00,9.699504500720034
2019-07-06 09:00:00,8.89186503575347
2019-07-06 09:15:00,9.137957680826707
2019-07-06 09:30:00,10.495641181044954
2019-07-06 09:45:00,10.313346327361158
2019-07-06 10:00:00,11.1679227401253
2019-07-06 10:15:00,11.974642533994786
2019-07-06 10:30:00,12.124477607042142
2019-07-06 10:45:00,12.107395360333154
2019-07-06 11:00:00,13.054062512770818
2019-07-06 11:15:00,12.591428947782127
2019-07-06 11:30:00,12.773192797618062
2019-07-06 11:45:00,13.327248526600012
2019-07-06 12:00:00,12.695859217501365
2019-07-06 12:15:00,13.713253833212084
2019-07-06 12:30:00,13.26416855271426
2019-07-06 12:45:00,13.129041820415846
2019-07-06 13:00:00,14.307353195743547
2019-07-06 13:15:00,13.800823175913944
2019-07-06 13:30:00,13.598977683559676
2019-07-06 13:45:00,13.932593684969143
2019-07-06 14:00:00,13.398796262907707
2019-07-06 14:15:00,13.026633319063524
2019-07-06 14:30:00,13.408811005949914
2019-07-06 14:45:00,14.096945993890493
2019-07-06 15:00:00,12.759551130836908
2019-07-06 15:15:00,13.053233066708046
2019-07-06 15:30:00,12.586686672325767
2019-07-06 15:45:00,12.743803957987714
2019-07-06 16:00:00,12.252236343311528
2019-07-06 16:15:00,12.451336901235761
2019-07-06 16:30:00,11.345806364129523
2019-07-06 16:45:00,12.930007155486646
2019-07-06 17:00:00,12.437099522260278
2019-07-06 17:15:00,11.980005172100961
2019-07-06 17:30:00,11.668862773727959
2019-07-06 17:45:00,10.805899879653722
2019-07-06 18:00:00,11.23966237609156
2019-07-06 18:15:00,11.023717534692711
2019-07-06 18:30:00,11.430661118800622
2019-07-06 18:45:00,11.191850652949293
2019-07-06 19:00:00,10.357000211244948
2019-07-06 19:15:00,10.41883286543555
2019-07-06 19:30:00,10.287542714401429
2019-07-06 19:45:00,9.247785386347061
2019-07-06 20:00:00,9.919257446311036
2019-07-06 20:15:00,9.919264317703973
2019-07-06 20:30:00,9.522522408079574
2019-07-06 20:45:00,9.573567839571949
2019-07-06 21:00:00,9.724715843717572
2019-07-06 21:15:00,9.49800998205901
2019-07-06 21:30:00,8.604490629537905
2019-07-06 21:45:00,8.545978657519154
2019-07-06 22:00:00,8.276012310563269
2019-07-06 22:15:00,8.430652542634387
2019-07-06 22:30:00,7.913215666734087
2019-07-06 22:45:00,8.074782826331207
2019-07-06 23:00:00,7.252321540849945
2019-07-06 23:15:00,7.438902269752412
2019-07-06 23:30:00,7.943654983071008
2019-07-06 23:45:00,7.266152997369703
2019-07-07 00:00:00,6.795058179841111
2019-07-07 00:15:00,6.393536438300969
2019-07-07 00:30:00,6.443748378102358
2019-07-07 00:45:00,5.9393995324639866
2019-07-07 01:00:00,6.035418774275199
2019-07-07 01:15:00,6.5508777643663425
2019-07-07 01:30:00,5.926610493621427
2019-07-07 01:45:00,5.984950162240328
2019-07-07 02:00:00,5.91297720233631
2019-07-07 02:15:00,6.220345018761616
2019-07-07 02:30:00,6.185075313159664
2019-07-07 02:45:00,5.667231078539536
2019-07-07 03:00:00,5.7091461901145655
2019-07-07 03:15:00,5.784819755688419
2019-07-07 03:30:00,6.095354772332289
2019-07-07 03:45:00,6.203070171011438
2019-07-07 04:00:00,6.149934303786324
2019-07-07 04:15:00,6.301298222682748
2019-07-07 04:30:00,6.062940800361464
2019-07-07 04:45:00,6.449233551105003
2019-07-07 05:00:00,6.160584526958656
2019-07-07 05:15:00,6.237461003883208
2019-07-07 05:30:00,6.453183618925524
2019-07-07 05:45:00,6.703375255524357
2019-07-07 06:00:00,6.779897989091894
2019-07-07 06:15:00,7.353822241226972
2019-07-07 06:30:00,7.223361156167008
2019-07-07 06:45:00,7.849643262937582
2019-07-07 07:00:00,7.918035676350847
2019-07-07 07:15:00,8.473612358141153
2019-07-07 07:30:00,8.220653427182752
2019-07-07 07:45:00,9.17960718997462
2019-07-07 08:00:00,9.767024839214114
2019-07-07 08:15:00,10.631667492322459
2019-07-07 08:30:00,11.380151451225279
2019-07-07 08:45:00,11.624815175127223
2019-07-07 09:00:00,12.185771000046842
2019-07-07 09:15:00,12.604143617640702
2019-07-07 09:30:00,13.615856952102265
2019-07-07 09:45:00,14.1118730135989
2019-07-07 10:00:00,14.964721441773037
2019-07-07 10:15:00,15.053361866201822
2019-07-07 10:30:00,15.437408107130347
2019-07-07 10:45:00,16.19965037744749
2019-07-07 11:00:00,16.74421560277489
2019-07-07 11:15:00,16.644915928852384
2019-07-07 11:30:00,17.137189065486112
2019-07-07 11:45:00,16.259594365711262
2019-07-07 12:00:00,17.229104956313797
2019-07-07 12:15:00,18.461096160821747
2019-07-07 12:30:00,17.916753816667946
2019-07-07 12:45:00,18.401152065047143
2019-07-07 13:00:00,18.674978667632953
2019-07-07 13:15:00,18.15990414411979
2019-07-07 13:30:00,19.451595749416214
2019-07-07 13:45:00,19.431409199819022
2019-07-07 14:00:00,19.252310811575242
2019-07-07 14:15:00,18.715596757554604
2019-07-07 14:30:00,18.681419242676697
2019-07-07 14:45:00,18.192972133789116
2019-07-07 15:00:00,17.80000464011045
2019-07-07 15:15:00,18.17884806922363
2019-07-07 15:30:00,17.726497470580703
2019-07-07 15:45:00,17.248681162240374
2019-07-07 16:00:00,16.391087983615492
2019-07-07 16:15:00,17.273174203706827
2019-07-07 16:30:00,16.633275136807395
2019-07-07 16:45:00,16.408532851080423
2019-07-07 17:00:00,15.31365324638581
2019-07-07 17:15:00,15.40721559108185
2019-07-07 17:30:00,14.625182779261483
2019-07-07 17:45:00,14.684986243007666
2019-07-07 18:00:00,14.81096327051402
2019-07-07 18:15:00,13.781259279315869
2019-07-07 18:30:00,13.708259949079412
2019-07-07 18:45:00,13.23967300348282
2019-07-07 19:00:00,12.722632855604084
2019-07-07 19:15:00,11.820573592915457
2019-07-07 19:30:00,11.87331560058145
2019-07-07 19:45:00,11.00810316502186
2019-07-07 20:00:00,11.221982612469331
2019-07-07 20:15:00,10.73531099236105
2019-07-07 20:30:00,9.76041146183772
2019-07-07 20:45:00,9.226775172512227
2019-07-07 21:00:00,9.90647346802084
2019-07-07 21:15:00,8.993085834591936
2019-07-07 21:30:00,8.786951594839323
2019-07-07 21:45:00,8.717183562426378
2019-07-07 22:00:00,7.846563147795471
2019-07-07 22:15:00,8.285672547057786
2019-07-07 22:30:00,7.449668046196441
2019-07-07 22:45:00,7.579971539168991
2019-07-07 23:00:00,6.787800278889117
2019-07-07 23:15:00,6.7565629499886155
2019-07-07 23:30:00,7.221617036796723
2019-07-07 23:45:00,6.4703004721880015
2019-07-08 00:00:00,6.548295781435492
2019-07-08 00:15:00,6.2756096302186375
2019-07-08 00:30:00,6.257193532958245
2019-07-08 00:45:00,5.836686649907325
2019-07-08 01:00:00,5.93906057160147
2019-07-08 01:15:00,6.3654883693103015
2019-07-08 01:30:00,5.897489793133624
2019-07-08 01:45:00,5.9907704140281695
2019-07-08 02:00:00,5.891929465072539
2019-07-08 02:15:00,6.105637408467634
2019-07-08 02:30:00,6.0456115549832745
2019-07-08 02:45:00,5.692180035310008
2019-07-08 03:00:00,5.713539367118123
2019-07-08 03:15:00,5.7982077078484675
2019-07-08 03:30:00,6.104769959756813
2019-07-08 03:45:00,6.191300262944498
2019-07-08 04:00:00,6.202077366622838
2019-07-08 04:15:00,6.289804628793814
2019-07-08 04:30:00,6.055866486532236
2019-07-08 04:45:00,6.490711270416789
2019-07-08 05:00:00,6.169892033156237
2019-07-08 05:15:00,6.317230276260035
2019-07-08 05:30:00,6.509579644437308
2019-07-08 05:45:00,6.8147379014607825
2019-07-08 06:00:00,6.733505162985553
2019-07-08 06:15:00,7.341359344063743
2019-07-08 06:30:00,7.299703572395183
2019-07-08 06:45:00,7.953266360797582
2019-07-08 07:00:00,7.958204573742353
2019-07-08 07:15:00,8.501385654775941
2019-07-08 07:30:00,8.227750965534614
2019-07-08 07:45:00,9.123404897701718
2019-07-08 08:00:00,9.80958915793784
2019-07-08 08:15:00,10.446566485692744
2019-07-08 08:30:00,11.324258115073984
2019-07-08 08:45:00,11.77404761871128
2019-07-08 09:00:00,11.708497963572588
2019-07-08 09:15:00,12.25135446519715
2019-07-08 09:30:00,13.453647235880995
2019-07-08 09:45:00,13.833835551785494
2019-07-08 10:00:00,14.694446050880424
2019-07-08 10:15:00,14.865828625258361
2019-07-08 10:30:00,15.024176985878832
2019-07-08 10:45:00,15.665301570913751
2019-07-08 11:00:00,16.08046096125517
2019-07-08 11:15:00,16.213982717132367
2019-07-08 11:30:00,16.57624322917336
2019-07-08 11:45:00,15.795745397648549
2019-07-08 12:00:00,16.4133103703201
2019-07-08 12:15:00,17.834312007630324
2019-07-08 12:30:00,17.20487575110444
2019-07-08 12:45:00,17.854962141228082
2019-07-08 13:00:00,18.250217014974105
2019-07-08 13:15:00,17.55372809137852
2019-07-08 13:30:00,18.80769714502579
2019-07-08 13:45:00,18.75656068491767
2019-07-08 14:00:00,18.692236063130782
2019-07-08 14:15:00,17.848402253733642
2019-07-08 14:30:00,18.08598849374909
2019-07-08 14:45:00,17.92644976949608
2019-07-08 15:00:00,17.120999507204296
2019-07-08 15:15:00,17.695125965127154
2019-07-08 15:30:00,17.034681176151118
2019-07-08 15:45:00,16.787919604828183
2019-07-08 16:00:00,15.983692181354678
2019-07-08 16:15:00,16.787261938181416
2019-07-08 16:30:00,16.041603073623573
2019-07-08 16:45:00,16.027634879744596
2019-07-08 17:00:00,15.095600863606489
2019-07-08 17:15:00,15.28138594827
2019-07-08 17:30:00,14.382569104233863
2019-07-08 17:45:00,14.095703899121943
2019-07-08 18:00:00,14.355369359684065
2019-07-08 18:15:00,13.59700093363199
2019-07-08 18:30:00,13.71064514094195
2019-07-08 18:45:00,13.024358543174865
2019-07-08 19:00:00,12.64349919144109
2019-07-08 19:15:00,11.697752187636604
2019-07-08 19:30:00,11.75792801411941
2019-07-08 19:45:00,10.884396027027945
2019-07-08 20:00:00,11.049440669215564
2019-07-08 20:15:00,10.561343875263534
2019-07-08 20:30:00,9.63835817914249
2019-07-08 20:45:00,9.176074442813526
2019-07-08 21:00:00,9.907544098495356
2019-07-08 21:15:00,9.05726808065827
2019-07-08 21:30:00,8.695442376321347
2019-07-08 21:45:00,8.593112730007613
2019-07-08 22:00:00,7.917249129476458
2019-07-08 22:15:00,8.226645955222168
2019-07-08 22:30:00,7.489699106704734
2019-07-08 22:45:00,7.7202058738024135
2019-07-08 23:00:00,6.8706944723489665
2019-07-08 23:15:00,6.834134376187963
2019-07-08 23:30:00,7.32217278695172
2019-07-08 23:45:00,6.640154384800452
2019-07-09 00:00:00,6.5827236368891
2019-07-09 00:15:00,6.709997233394945
2019-07-09 00:30:00,6.2845683771168055
2019-07-09 00:45:00,5.929437239662004
2019-07-09 01:00:00,6.10704837032663
2019-07-09 01:15:00,6.4109365237430325
2019-07-09 01:30:00,5.9211220261586295
2019-07-09 01:45:00,6.044642241428458
2019-07-09 02:00:00,6.085548296561308
2019-07-09 02:15:00,6.764266283040854
2019-07-09 02:30:00,6.860644937562913
2019-07-09 02:45:00,5.9075855674971365
2019-07-09 03:00:00,6.25180206266251
2019-07-09 03:15:00,6.2333505201458825
2019-07-09 03:30:00,6.528950766496108
2019-07-09 03:45:00,6.86143673349487
2019-07-09 04:00:00,6.719904422073899
2019-07-09 04:15:00,6.790710240479115
2019-07-09 04:30:00,7.641895743684719
2019-07-09 04:45:00,7.788300577436829
2019-07-09 05:00:00,7.970650904643499
2019-07-09 05:15:00,8.052610298136884
2019-07-09 05:30:00,8.591806990673927
2019-07-09 05:45:00,9.195116912703284
2019-07-09 06:00:00,10.347423161977542
2019-07-09 06:15:00,10.570602898328149
2019-07-09 06:30:00,11.404297662696306
2019-07-09 06:45:00,11.827472611812418
2019-07-09 07:00:00,12.62786964255196
2019-07-09 07:15:00,13.824505675803296
2019-07-09 07:30:00,14.34454816258773
2019-07-09 07:45:00,14.890331644068223
2019-07-09 08:00:00,15.961903249170764
2019-07-09 08:15:00,16.796140332478174
2019-07-09 08:30:00,17.629570954868058
2019-07-09 08:45:00,17.595923464676716
2019-07-09 09:00:00,19.12680715736124
2019-07-09 09:15:00,19.704350736592627
2019-07-09 09:30:00,19.760624360644485
2019-07-09 09:45:00,20.37749589306192
2019-07-09 10:00:00,21.29578747586436
2019-07-09 10:15:00,21.789415361558135
2019-07-09 10:30:00,22.55736381602008
2019-07-09 10:45:00,23.160543850611276
2019-07-09 11:00:00,23.990488387461582
2019-07-09 11:15:00,24.37069667297461
2019-07-09 11:30:00,23.725114181990875
2019-07-09 11:45:00,23.154466652375902
2019-07-09 12:00:00,24.756582049123608
2019-07-09 12:15:00,24.743137806202384
2019-07-09 12:30:00,24.530693395003304
2019-07-09 12:45:00,24.141973137390956
2019-07-09 13:00:00,24.308756873746542
2019-07-09 13:15:00,23.873657633026852
2019-07-09 13:30:00,23.819298612686033
2019-07-09 13:45:00,23.85035118787461
2019-07-09 14:00:00,23.48830734074175
2019-07-09 14:15:00,23.227077511707602
2019-07-09 14:30:00,22.483644087240123
2019-07-09 14:45:00,22.205231843359464
2019-07-09 15:00:00,21.548542101103425
2019-07-09 15:15:00,21.03531623453722
2019-07-09 15:30:00,21.021250987495335
2019-07-09 15:45:00,20.418695237901737
2019-07-09 16:00:00,19.55707778307958
2019-07-09 16:15:00,19.50327337026016
2019-07-09 16:30:00,18.915690808100305
2019-07-09 16:45:00,18.577325023506678
2019-07-09 17:00:00,17.32445074371825
2019-07-09 17:15:00,16.22316633981112
2019-07-09 17:30:00,16.172345634509767
2019-07-09 17:45:00,15.609334505289699
2019-07-09 18:00:00,14.927802517072596
2019-07-09 18:15:00,14.45191972007676
2019-07-09 18:30:00,13.06016609688281
2019-07-09 18:45:00,12.561827895455012
2019-07-09 19:00:00,12.153282802612324
2019-07-09 19:15:00,11.110222703921913
2019-07-09 19:30:00,11.191252797715052
2019-07-09 19:45:00,9.94664315139597
2019-07-09 20:00:00,10.044206031479362
2019-07-09 20:15:00,9.201340038713184
2019-07-09 20:30:00,8.512536249878991
2019-07-09 20:45:00,8.23679193965457
2019-07-09 21:00:00,8.35943566217696
2019-07-09 21:15:00,7.958186502895354
2019-07-09 21:30:00,7.544022429031857
2019-07-09 21:45:00,7.61990167761193
2019-07-09 22:00:00,6.725601788657815
2019-07-09 22:15:00,7.096700651305444
2019-07-09 22:30:00,6.307384696958125
2019-07-09 22:45:00,6.3849843903553625
2019-07-09 23:00:00,6.108796709532258
2019-07-09 23:15:00,6.022965864424084
2019-07-09 23:30:00,6.314055985400903
2019-07-09 23:45:00,5.827344062746568
