timestamp,h_1_actuals,h_2_actuals,h_3_actuals,h_4_actuals,h_5_actuals,h_6_actuals,h_7_actuals,h_8_actuals,h_9_actuals,h_10_actuals,h_11_actuals,h_12_actuals,h_13_actuals,h_14_actuals,h_15_actuals,h_16_actuals,h_17_actuals,h_18_actuals,h_19_actuals,h_20_actuals,h_21_actuals,h_22_actuals,h_23_actuals,h_24_actuals,h_25_actuals,h_26_actuals,h_27_actuals,h_28_actuals,h_29_actuals,h_30_actuals,h_31_actuals,h_32_actuals,h_33_actuals,h_34_actuals,h_35_actuals,h_36_actuals,h_37_actuals,h_38_actuals,h_39_actuals,h_40_actuals,h_41_actuals,h_42_actuals,h_43_actuals,h_44_actuals,h_45_actuals,h_46_actuals,h_47_actuals,h_48_actuals,h_49_actuals,h_50_actuals,h_51_actuals,h_52_actuals,h_53_actuals,h_54_actuals,h_55_actuals,h_56_actuals,h_57_actuals,h_58_actuals,h_59_actuals,h_60_actuals,h_61_actuals,h_62_actuals,h_63_actuals,h_64_actuals,h_65_actuals,h_66_actuals,h_67_actuals,h_68_actuals,h_69_actuals,h_70_actuals,h_71_actuals,h_72_actuals,h_1_preds,h_2_preds,h_3_preds,h_4_preds,h_5_preds,h_6_preds,h_7_preds,h_8_preds,h_9_preds,h_10_preds,h_11_preds,h_12_preds,h_13_preds,h_14_preds,h_15_preds,h_16_preds,h_17_preds,h_18_preds,h_19_preds,h_20_preds,h_21_preds,h_22_preds,h_23_preds,h_24_preds,h_25_preds,h_26_preds,h_27_preds,h_28_preds,h_29_preds,h_30_preds,h_31_preds,h_32_preds,h_33_preds,h_34_preds,h_35_preds,h_36_preds,h_37_preds,h_38_preds,h_39_preds,h_40_preds,h_41_preds,h_42_preds,h_43_preds,h_44_preds,h_45_preds,h_46_preds,h_47_preds,h_48_preds,h_49_preds,h_50_preds,h_51_preds,h_52_preds,h_53_preds,h_54_preds,h_55_preds,h_56_preds,h_57_preds,h_58_preds,h_59_preds,h_60_preds,h_61_preds,h_62_preds,h_63_preds,h_64_preds,h_65_preds,h_66_preds,h_67_preds,h_68_preds,h_69_preds,h_70_preds,h_71_preds,h_72_preds
2020-04-18,0.15,0.15,0.14,0.15,0.14,0.15,0.34,0.37,0.38,0.29,0.17,0.25,0.3,0.29,0.27,0.42,0.44,0.6,0.4,0.28,0.31,0.38,0.27,0.18,0.17,0.17,0.17,0.17,0.15,0.17,0.22,0.5,0.54,1.95,0.79,0.3,0.28,0.29,0.29,0.33,0.46,0.33,0.3,0.3,0.31,0.31999999999999995,0.17,0.18,0.18,0.15999999999999998,0.15999999999999998,0.15999999999999998,0.15999999999999998,0.15999999999999998,0.34,0.51,0.26,0.21,0.22,0.21,0.27,0.29,0.29,0.31999999999999995,0.25,0.27,0.26,0.28,0.31,0.22,0.14,0.14,0.1912958174943924,0.19032596051692963,0.18963722884655,0.16514800488948822,0.17750155925750732,0.2110295295715332,0.28178921341896057,0.3149999678134918,0.3757926821708679,0.42790743708610535,0.4428345561027527,0.4347397983074188,0.4262174069881439,0.4265718460083008,0.4434763491153717,0.4623487591743469,0.4633139669895172,0.4573756158351898,0.4324149787425995,0.3956310451030731,0.3483942747116089,0.27875062823295593,0.22327086329460144,0.2059246152639389,0.1948031187057495,0.17668575048446655,0.18086056411266327,0.15612147748470306,0.17525027692317963,0.22173132002353668,0.26268595457077026,0.33657723665237427,0.3696496784687042,0.4129149615764618,0.438683420419693,0.4470796585083008,0.4572351276874542,0.4520595669746399,0.480173259973526,0.5078899264335632,0.5252504348754883,0.5151647329330444,0.4779428243637085,0.4430539309978485,0.3627234101295471,0.28810277581214905,0.23613151907920837,0.2136412113904953,0.1791732907295227,0.17425329983234406,0.18088288605213165,0.1852584332227707,0.20957663655281067,0.2380145639181137,0.319100022315979,0.3461596369743347,0.33415231108665466,0.36247923970222473,0.37656649947166443,0.3716888725757599,0.3468843400478363,0.35440823435783386,0.38892319798469543,0.4387058615684509,0.46946626901626587,0.47892051935195923,0.46585941314697266,0.40121251344680786,0.35658493638038635,0.2878417372703552,0.23136916756629944,0.1836555302143097
2020-04-19,0.17,0.17,0.17,0.17,0.15,0.17,0.22,0.5,0.54,1.95,0.79,0.3,0.28,0.29,0.29,0.33,0.46,0.33,0.3,0.3,0.31,0.31999999999999995,0.17,0.18,0.18,0.15999999999999998,0.15999999999999998,0.15999999999999998,0.15999999999999998,0.15999999999999998,0.34,0.51,0.26,0.21,0.22,0.21,0.27,0.29,0.29,0.31999999999999995,0.25,0.27,0.26,0.28,0.31,0.22,0.14,0.14,0.13,0.2,0.17,0.15,0.15,0.15999999999999998,0.3,0.5,0.25,0.15999999999999998,0.39,0.45,0.5700000000000001,0.36,0.27,0.28,0.24,0.24,0.26,0.24,0.26,0.2,0.14,0.14,0.2074807733297348,0.17534665763378143,0.17598070204257965,0.17749562859535217,0.20037157833576202,0.26027122139930725,0.34582698345184326,0.3970927596092224,0.44238990545272827,0.4608614146709442,0.4737063944339752,0.4838480055332184,0.4889083206653595,0.48564743995666504,0.5176266431808472,0.5476531982421875,0.5688146948814392,0.5593690872192383,0.5205162763595581,0.45093923807144165,0.3573222756385803,0.2840842306613922,0.21917830407619476,0.20114947855472565,0.1826026439666748,0.15689116716384888,0.17330272495746613,0.1728430539369583,0.2087511271238327,0.2773638963699341,0.313317209482193,0.3490038216114044,0.3448140025138855,0.349597692489624,0.3471667468547821,0.35175246000289917,0.35478731989860535,0.3684321939945221,0.40848875045776367,0.46538713574409485,0.5227639079093933,0.5283672213554382,0.493154913187027,0.4252646863460541,0.35256463289260864,0.2690401077270508,0.21530231833457947,0.19112691283226013,0.16046501696109772,0.1656830757856369,0.17974388599395752,0.2075205147266388,0.23773960769176483,0.28421714901924133,0.3574414551258087,0.37235280871391296,0.3484642505645752,0.32813891768455505,0.3208131492137909,0.3146440088748932,0.30715659260749817,0.3133566677570343,0.36738428473472595,0.42701253294944763,0.4889337420463562,0.5119551420211792,0.4945065677165985,0.4199402928352356,0.36359459161758423,0.27495989203453064,0.2318401038646698,0.19232125580310822
2020-04-20,0.18,0.15999999999999998,0.15999999999999998,0.15999999999999998,0.15999999999999998,0.15999999999999998,0.34,0.51,0.26,0.21,0.22,0.21,0.27,0.29,0.29,0.31999999999999995,0.25,0.27,0.26,0.28,0.31,0.22,0.14,0.14,0.13,0.2,0.17,0.15,0.15,0.15999999999999998,0.3,0.5,0.25,0.15999999999999998,0.39,0.45,0.5700000000000001,0.36,0.27,0.28,0.24,0.24,0.26,0.24,0.26,0.2,0.14,0.14,0.14,0.14,0.14,0.13,0.14,0.14,0.28,0.36,0.24,0.38,0.25,1.73,0.7,0.27,0.31,0.28,0.28,0.28,0.27,0.27,0.28,0.34,0.15,0.15,0.19216139614582062,0.1649390161037445,0.1736961454153061,0.1919589638710022,0.23466964066028595,0.29823654890060425,0.37099626660346985,0.38236576318740845,0.3758354187011719,0.38105615973472595,0.3717550039291382,0.369031697511673,0.36085930466651917,0.3629809617996216,0.40669316053390503,0.43743863701820374,0.49742770195007324,0.5057844519615173,0.48396536707878113,0.4325868785381317,0.3674006164073944,0.30011266469955444,0.2313014268875122,0.2106466442346573,0.1738516241312027,0.14123299717903137,0.15862742066383362,0.17520438134670258,0.21640978753566742,0.2935267686843872,0.35651758313179016,0.3687478303909302,0.3550272583961487,0.34260520339012146,0.34662672877311707,0.33426207304000854,0.32240578532218933,0.33563244342803955,0.3718142807483673,0.4080413281917572,0.47471365332603455,0.5004526376724243,0.47558754682540894,0.43488436937332153,0.3685934841632843,0.29345229268074036,0.25758495926856995,0.22093230485916138,0.1679924726486206,0.15423168241977692,0.16204017400741577,0.18328295648097992,0.2279500961303711,0.2834094762802124,0.34636884927749634,0.37012186646461487,0.35987693071365356,0.33924198150634766,0.3279854655265808,0.3221282958984375,0.3174417018890381,0.31539204716682434,0.3498018682003021,0.4051966667175293,0.46844133734703064,0.4796687066555023,0.4759160280227661,0.4240366220474243,0.38331782817840576,0.3165930211544037,0.268745481967926,0.22973424196243286
2020-04-21,0.13,0.2,0.17,0.15,0.15,0.15999999999999998,0.3,0.5,0.25,0.15999999999999998,0.39,0.45,0.5700000000000001,0.36,0.27,0.28,0.24,0.24,0.26,0.24,0.26,0.2,0.14,0.14,0.14,0.14,0.14,0.13,0.14,0.14,0.28,0.36,0.24,0.38,0.25,1.73,0.7,0.27,0.31,0.28,0.28,0.28,0.27,0.27,0.28,0.34,0.15,0.15,0.14,0.13,0.15,0.15,0.14,0.15999999999999998,0.31999999999999995,0.31999999999999995,0.2,0.17,0.23,0.27,0.27,0.41,0.43,0.45,0.5,0.48,0.26,0.29,0.33,0.2,0.17,0.15,0.1410331130027771,0.1503078043460846,0.14879314601421356,0.1562555730342865,0.20070090889930725,0.24059459567070007,0.29506587982177734,0.3126249313354492,0.31765833497047424,0.3287908136844635,0.3306753933429718,0.31828778982162476,0.30485978722572327,0.3245309889316559,0.3500727713108063,0.3896624445915222,0.43564680218696594,0.4552842080593109,0.4457058310508728,0.41625088453292847,0.3747163712978363,0.3171573281288147,0.25234708189964294,0.2145272195339203,0.17791958153247833,0.16326192021369934,0.14338858425617218,0.15205234289169312,0.19026899337768555,0.24308447539806366,0.29085493087768555,0.3208710253238678,0.32690760493278503,0.3350377082824707,0.32684969902038574,0.3245827555656433,0.3173678517341614,0.32797563076019287,0.36191198229789734,0.39882227778434753,0.4440465271472931,0.4732556641101837,0.46525394916534424,0.4271956980228424,0.3818775415420532,0.32126736640930176,0.264646977186203,0.21850545704364777,0.17091315984725952,0.150217667222023,0.14574408531188965,0.16380952298641205,0.19868509471416473,0.250372052192688,0.30944448709487915,0.34597429633140564,0.35966697335243225,0.3606320917606354,0.36155396699905396,0.350220263004303,0.3438340425491333,0.35790884494781494,0.3835196793079376,0.4329797625541687,0.47058218717575073,0.4823286533355713,0.4791848659515381,0.4441521167755127,0.39303988218307495,0.33479148149490356,0.27949661016464233,0.22004210948944092
2020-04-22,0.14,0.14,0.14,0.13,0.14,0.14,0.28,0.36,0.24,0.38,0.25,1.73,0.7,0.27,0.31,0.28,0.28,0.28,0.27,0.27,0.28,0.34,0.15,0.15,0.14,0.13,0.15,0.15,0.14,0.15999999999999998,0.31999999999999995,0.31999999999999995,0.2,0.17,0.23,0.27,0.27,0.41,0.43,0.45,0.5,0.48,0.26,0.29,0.33,0.2,0.17,0.15,0.15999999999999998,0.15,0.17,0.14,0.15,0.18,0.31999999999999995,0.41,0.48,1.96,0.88,0.19,0.23,0.15999999999999998,0.14,0.19,0.17,0.15,0.14,0.2,0.29,0.34,0.35,0.22,0.1479029506444931,0.14949694275856018,0.15324686467647552,0.15220576524734497,0.19158661365509033,0.2408674955368042,0.3062053620815277,0.326386421918869,0.34813323616981506,0.3646804094314575,0.37174907326698303,0.36469393968582153,0.34755587577819824,0.3389122486114502,0.34769394993782043,0.3736817538738251,0.40411534905433655,0.4105113446712494,0.3968040347099304,0.36779356002807617,0.32295742630958557,0.2898503839969635,0.2284599393606186,0.2005643993616104,0.18086500465869904,0.15592989325523376,0.16000887751579285,0.1628863364458084,0.19409164786338806,0.25829511880874634,0.29565951228141785,0.33649972081184387,0.3508110046386719,0.3647242486476898,0.3768455982208252,0.369537889957428,0.35809335112571716,0.3532596230506897,0.362484335899353,0.38452163338661194,0.41796568036079407,0.4345272183418274,0.41864287853240967,0.38482505083084106,0.3424801230430603,0.29712826013565063,0.25419771671295166,0.22786389291286469,0.19551506638526917,0.17407375574111938,0.1642264872789383,0.17190104722976685,0.19696438312530518,0.23942312598228455,0.3033730983734131,0.34088218212127686,0.3371330499649048,0.359430193901062,0.36734217405319214,0.3672943711280823,0.338919997215271,0.33904582262039185,0.3476904630661011,0.37744805216789246,0.40733686089515686,0.4141746461391449,0.39590486884117126,0.366566002368927,0.32855603098869324,0.29817020893096924,0.26295551657676697,0.23202021420001984
2020-04-23,0.14,0.13,0.15,0.15,0.14,0.15999999999999998,0.31999999999999995,0.31999999999999995,0.2,0.17,0.23,0.27,0.27,0.41,0.43,0.45,0.5,0.48,0.26,0.29,0.33,0.2,0.17,0.15,0.15999999999999998,0.15,0.17,0.14,0.15,0.18,0.31999999999999995,0.41,0.48,1.96,0.88,0.19,0.23,0.15999999999999998,0.14,0.19,0.17,0.15,0.14,0.2,0.29,0.34,0.35,0.22,0.14,0.15,0.14,0.15,0.13,0.18,0.2,0.18,0.15,0.15,0.15,0.15,0.21,0.29,0.29,0.31,0.3,0.27,0.3,0.31,0.3,0.31999999999999995,0.3,0.14,0.17181074619293213,0.17268657684326172,0.1725400984287262,0.17862333357334137,0.21536242961883545,0.24922531843185425,0.3239649832248688,0.34686872363090515,0.3850949704647064,0.41820451617240906,0.4335975646972656,0.40872952342033386,0.40173450112342834,0.387241393327713,0.38771429657936096,0.41153404116630554,0.4435270428657532,0.43016675114631653,0.4208610951900482,0.3948418200016022,0.3622954487800598,0.32430851459503174,0.2525891661643982,0.22898662090301514,0.1856151968240738,0.17187665402889252,0.17118792235851288,0.17626911401748657,0.19817131757736206,0.2469330132007599,0.2913077175617218,0.3305760324001312,0.35441553592681885,0.39092689752578735,0.3925849497318268,0.3877263069152832,0.3709179162979126,0.3631197512149811,0.3745545446872711,0.37460726499557495,0.41063371300697327,0.4214802086353302,0.3944883942604065,0.3800851106643677,0.34463661909103394,0.28897824883461,0.26383426785469055,0.2168480008840561,0.19846077263355255,0.1855495125055313,0.16811685264110565,0.18936048448085785,0.20151785016059875,0.2362811118364334,0.2891627252101898,0.34362226724624634,0.38065585494041443,0.40554583072662354,0.44343438744544983,0.44117066264152527,0.4269440174102783,0.41725003719329834,0.424201637506485,0.45329827070236206,0.4723992943763733,0.4642748236656189,0.4257951080799103,0.3923756778240204,0.3736035227775574,0.33158358931541443,0.28841912746429443,0.24854853749275208
2020-04-24,0.15999999999999998,0.15,0.17,0.14,0.15,0.18,0.31999999999999995,0.41,0.48,1.96,0.88,0.19,0.23,0.15999999999999998,0.14,0.19,0.17,0.15,0.14,0.2,0.29,0.34,0.35,0.22,0.14,0.15,0.14,0.15,0.13,0.18,0.2,0.18,0.15,0.15,0.15,0.15,0.21,0.29,0.29,0.31,0.3,0.27,0.3,0.31,0.3,0.31999999999999995,0.3,0.14,0.14,0.14,0.14,0.14,0.14,0.13,0.23,0.28,0.56,0.88,0.58,0.21,0.28,0.31999999999999995,0.31,0.34,0.31,0.31999999999999995,0.29,0.3,0.27,0.31,0.27,0.13,0.16226106882095337,0.1757948398590088,0.17616477608680725,0.17024672031402588,0.16956204175949097,0.21945492923259735,0.2903130054473877,0.3444606065750122,0.38380101323127747,0.44087231159210205,0.42714986205101013,0.3708270788192749,0.35539379715919495,0.33465826511383057,0.34491807222366333,0.37328842282295227,0.41227978467941284,0.40783727169036865,0.4099385142326355,0.3867221772670746,0.3323536515235901,0.28835329413414,0.22429315745830536,0.2185816466808319,0.1863647848367691,0.18045015633106232,0.17435665428638458,0.13744163513183594,0.15055711567401886,0.2229187786579132,0.2802676856517792,0.37505924701690674,0.43643510341644287,0.4880203902721405,0.500154972076416,0.4758952260017395,0.431776762008667,0.4162912368774414,0.42193910479545593,0.4220067858695984,0.46029818058013916,0.45991045236587524,0.4416430592536926,0.4096049666404724,0.35200610756874084,0.2976257801055908,0.2648826241493225,0.23831310868263245,0.20329707860946655,0.19889725744724274,0.18850158154964447,0.17796020209789276,0.1826062798500061,0.22646839916706085,0.3116816282272339,0.3921370804309845,0.4492030143737793,0.500944972038269,0.5382546782493591,0.515957772731781,0.49806520342826843,0.46861928701400757,0.4585779309272766,0.5052639842033386,0.5274147391319275,0.5200662612915039,0.4909164011478424,0.4242554008960724,0.3732109069824219,0.3240571916103363,0.26082322001457214,0.24368582665920258
2020-04-25,0.14,0.15,0.14,0.15,0.13,0.18,0.2,0.18,0.15,0.15,0.15,0.15,0.21,0.29,0.29,0.31,0.3,0.27,0.3,0.31,0.3,0.31999999999999995,0.3,0.14,0.14,0.14,0.14,0.14,0.14,0.13,0.23,0.28,0.56,0.88,0.58,0.21,0.28,0.31999999999999995,0.31,0.34,0.31,0.31999999999999995,0.29,0.3,0.27,0.31,0.27,0.13,0.15,0.14,0.15,0.14,0.14,0.14,0.25,0.31999999999999995,0.2,0.2,0.21,0.23,0.34,0.33,0.33,0.31999999999999995,0.2,0.28,0.28,0.3,0.33,0.15999999999999998,0.14,0.14,0.24335737526416779,0.21413740515708923,0.1944645494222641,0.15206603705883026,0.16401435434818268,0.21797974407672882,0.3164542317390442,0.3728485405445099,0.4670237600803375,0.5224356651306152,0.5257221460342407,0.4938352108001709,0.4630761742591858,0.44253140687942505,0.4414450228214264,0.44956880807876587,0.44043198227882385,0.4312993586063385,0.42347589135169983,0.4071744978427887,0.3669789433479309,0.31242692470550537,0.2594919502735138,0.24387633800506592,0.21999436616897583,0.18544387817382812,0.18450263142585754,0.14611494541168213,0.1686577945947647,0.22880662977695465,0.2925689220428467,0.39697036147117615,0.4512055516242981,0.4999590516090393,0.5163860321044922,0.4978320896625519,0.48981666564941406,0.46774640679359436,0.47701722383499146,0.49562519788742065,0.5061759352684021,0.49824258685112,0.46976006031036377,0.4554174244403839,0.3785094916820526,0.3109434247016907,0.262431263923645,0.23708775639533997,0.20067532360553741,0.18394683301448822,0.1724960207939148,0.16232344508171082,0.18416203558444977,0.2338109165430069,0.34666529297828674,0.3916321098804474,0.3839184045791626,0.41516968607902527,0.4150294363498688,0.3890484869480133,0.3383769392967224,0.33685770630836487,0.3669697046279907,0.40999168157577515,0.43179699778556824,0.4536624848842621,0.45236483216285706,0.40170830488204956,0.3850388526916504,0.3207158148288727,0.2673858404159546,0.22199997305870056
2020-04-26,0.14,0.14,0.14,0.14,0.14,0.13,0.23,0.28,0.56,0.88,0.58,0.21,0.28,0.31999999999999995,0.31,0.34,0.31,0.31999999999999995,0.29,0.3,0.27,0.31,0.27,0.13,0.15,0.14,0.15,0.14,0.14,0.14,0.25,0.31999999999999995,0.2,0.2,0.21,0.23,0.34,0.33,0.33,0.31999999999999995,0.2,0.28,0.28,0.3,0.33,0.15999999999999998,0.14,0.14,0.15999999999999998,0.19,0.17,0.14,0.15,0.15,0.28,0.36,0.33,0.31,0.2,0.5,0.37,0.18,0.23,0.31999999999999995,0.35,0.23,0.25,0.31,0.31999999999999995,0.28,0.2,0.15999999999999998,0.19457101821899414,0.17570072412490845,0.16962888836860657,0.1495823860168457,0.15681664645671844,0.2084924727678299,0.2865036725997925,0.33337706327438354,0.4026465117931366,0.43596604466438293,0.4616442024707794,0.4678244888782501,0.45677822828292847,0.42436954379081726,0.4316459894180298,0.4429444968700409,0.44678938388824463,0.4448515772819519,0.43492069840431213,0.41387245059013367,0.3587855398654938,0.3012310266494751,0.23790355026721954,0.21981368958950043,0.2034197896718979,0.170554056763649,0.1761861890554428,0.15008246898651123,0.17747856676578522,0.23827125132083893,0.27828559279441833,0.3253710865974426,0.34483906626701355,0.38004186749458313,0.3900437653064728,0.37906086444854736,0.3649316132068634,0.35078662633895874,0.3553149700164795,0.3778935670852661,0.4105861186981201,0.421522319316864,0.41777777671813965,0.39569005370140076,0.3564660847187042,0.29326364398002625,0.23926645517349243,0.21695007383823395,0.18189381062984467,0.18041975796222687,0.17813976109027863,0.17503897845745087,0.19938892126083374,0.24271367490291595,0.32359397411346436,0.3533298969268799,0.34698915481567383,0.3695811331272125,0.380568265914917,0.36126309633255005,0.3336747884750366,0.30972275137901306,0.32413047552108765,0.3472226560115814,0.3867555558681488,0.4108765125274658,0.4125328063964844,0.38250094652175903,0.3635483980178833,0.2956017851829529,0.2550737261772156,0.20999360084533691
2020-04-27,0.15,0.14,0.15,0.14,0.14,0.14,0.25,0.31999999999999995,0.2,0.2,0.21,0.23,0.34,0.33,0.33,0.31999999999999995,0.2,0.28,0.28,0.3,0.33,0.15999999999999998,0.14,0.14,0.15999999999999998,0.19,0.17,0.14,0.15,0.15,0.28,0.36,0.33,0.31,0.2,0.5,0.37,0.18,0.23,0.31999999999999995,0.35,0.23,0.25,0.31,0.31999999999999995,0.28,0.2,0.15999999999999998,0.15,0.15999999999999998,0.13,0.15,0.15,0.23,0.33,0.33,0.22,0.15,0.55,0.58,0.5,0.28,0.28,0.18,0.31,0.27,0.34,0.3,0.3,0.2,0.13,0.15,0.184236079454422,0.174481600522995,0.18090200424194336,0.17012391984462738,0.18590311706066132,0.24465078115463257,0.3324844241142273,0.3543305993080139,0.3863925337791443,0.4091479480266571,0.41503530740737915,0.400361567735672,0.3761773407459259,0.34910598397254944,0.36846086382865906,0.36905965209007263,0.38876593112945557,0.3870825171470642,0.38717979192733765,0.3882426917552948,0.37041568756103516,0.3219664692878723,0.25325632095336914,0.23168687522411346,0.19787509739398956,0.16860824823379517,0.16777092218399048,0.1483612209558487,0.17546497285366058,0.2412656992673874,0.3158842921257019,0.35634666681289673,0.37344542145729065,0.39930105209350586,0.4106331765651703,0.3874559998512268,0.3625769317150116,0.34918448328971863,0.3508806824684143,0.35051843523979187,0.37797611951828003,0.3935723602771759,0.3907892405986786,0.3960658013820648,0.36093875765800476,0.316714346408844,0.2832224667072296,0.24716123938560486,0.20549412071704865,0.19498211145401,0.18937762081623077,0.17240116000175476,0.19974574446678162,0.24932700395584106,0.3305864632129669,0.3695524334907532,0.3831416070461273,0.4000437557697296,0.4154043197631836,0.40201833844184875,0.3811655342578888,0.3624301254749298,0.36709877848625183,0.3822396993637085,0.40582895278930664,0.40936318039894104,0.409817636013031,0.39123666286468506,0.39003729820251465,0.34492558240890503,0.296955406665802,0.2459438443183899
2020-04-28,0.15999999999999998,0.19,0.17,0.14,0.15,0.15,0.28,0.36,0.33,0.31,0.2,0.5,0.37,0.18,0.23,0.31999999999999995,0.35,0.23,0.25,0.31,0.31999999999999995,0.28,0.2,0.15999999999999998,0.15,0.15999999999999998,0.13,0.15,0.15,0.23,0.33,0.33,0.22,0.15,0.55,0.58,0.5,0.28,0.28,0.18,0.31,0.27,0.34,0.3,0.3,0.2,0.13,0.15,0.15,0.15999999999999998,0.14,0.15,0.15,0.2,0.33,0.28,0.19,0.29,0.23,0.36,0.29,0.27,0.14,0.17,0.2,0.29,0.39,0.4,0.38,0.31999999999999995,0.17,0.15,0.1404666304588318,0.14890390634536743,0.14319190382957458,0.1364685446023941,0.1691165715456009,0.21011234819889069,0.2704120874404907,0.3015749454498291,0.3372667133808136,0.36220309138298035,0.37353745102882385,0.36549505591392517,0.34362557530403137,0.3483829200267792,0.35723769664764404,0.37618616223335266,0.4026241898536682,0.41417497396469116,0.40275558829307556,0.3774220049381256,0.33442172408103943,0.2861366271972656,0.22575156390666962,0.2002078890800476,0.17218898236751556,0.15702052414417267,0.1364128589630127,0.13844682276248932,0.16718313097953796,0.21449066698551178,0.26742544770240784,0.31380918622016907,0.3373206853866577,0.3576292097568512,0.365225225687027,0.36053037643432617,0.3521730601787567,0.347306489944458,0.3614882230758667,0.3806769847869873,0.40833351016044617,0.43207383155822754,0.4193417429924011,0.3899368345737457,0.33988508582115173,0.27912187576293945,0.23499485850334167,0.19876718521118164,0.16748929023742676,0.1518322229385376,0.13564465939998627,0.14378264546394348,0.1669767051935196,0.21158315241336823,0.2729131281375885,0.31888246536254883,0.3430732786655426,0.35974228382110596,0.3700540363788605,0.36176836490631104,0.3418959677219391,0.3518832325935364,0.37067911028862,0.3944118022918701,0.4129534661769867,0.4272224009037018,0.42113107442855835,0.3894156515598297,0.3541892170906067,0.2968052625656128,0.24920986592769623,0.20722083747386932
2020-04-29,0.15,0.15999999999999998,0.13,0.15,0.15,0.23,0.33,0.33,0.22,0.15,0.55,0.58,0.5,0.28,0.28,0.18,0.31,0.27,0.34,0.3,0.3,0.2,0.13,0.15,0.15,0.15999999999999998,0.14,0.15,0.15,0.2,0.33,0.28,0.19,0.29,0.23,0.36,0.29,0.27,0.14,0.17,0.2,0.29,0.39,0.4,0.38,0.31999999999999995,0.17,0.15,0.15,0.15,0.15,0.15,0.13,0.23,0.34,0.27,0.22,0.35,0.36,0.36,0.19,0.18,0.14,0.13,0.15,0.15999999999999998,0.19,0.27,0.3,0.29,0.19,0.14,0.14730103313922882,0.1359662562608719,0.1327754557132721,0.12295806407928467,0.1545928567647934,0.20977991819381714,0.28919386863708496,0.320137083530426,0.36124905943870544,0.38847804069519043,0.3954083025455475,0.3818950653076172,0.3570075035095215,0.33949020504951477,0.3389679193496704,0.35844817757606506,0.3774788975715637,0.3797435164451599,0.377817302942276,0.37146276235580444,0.3442184627056122,0.3185231685638428,0.2538929879665375,0.2179248332977295,0.17503370344638824,0.14548709988594055,0.14632923901081085,0.13622397184371948,0.16607828438282013,0.23003369569778442,0.2842346727848053,0.3375195562839508,0.3659254312515259,0.3958415687084198,0.4104138910770416,0.39394646883010864,0.3697456121444702,0.3618900179862976,0.35443463921546936,0.35774531960487366,0.3829299509525299,0.400331974029541,0.38786444067955017,0.3776247799396515,0.3506369888782501,0.3216147720813751,0.28610512614250183,0.24857044219970703,0.2073550969362259,0.18169242143630981,0.16583098471164703,0.1602398008108139,0.18008512258529663,0.2231248915195465,0.2986164391040802,0.3478847146034241,0.35707002878189087,0.39249271154403687,0.4099123775959015,0.40385109186172485,0.3681865930557251,0.35926616191864014,0.35246893763542175,0.3696667551994324,0.38172903656959534,0.384990394115448,0.37122195959091187,0.35447415709495544,0.3426004648208618,0.3269665837287903,0.2969818413257599,0.2541724145412445
2020-04-30,0.15,0.15999999999999998,0.14,0.15,0.15,0.2,0.33,0.28,0.19,0.29,0.23,0.36,0.29,0.27,0.14,0.17,0.2,0.29,0.39,0.4,0.38,0.31999999999999995,0.17,0.15,0.15,0.15,0.15,0.15,0.13,0.23,0.34,0.27,0.22,0.35,0.36,0.36,0.19,0.18,0.14,0.13,0.15,0.15999999999999998,0.19,0.27,0.3,0.29,0.19,0.14,0.14,0.15,0.14,0.14,0.14,0.24,0.39,0.37,0.24,0.29,0.24,0.33,0.15999999999999998,0.15,0.14,0.15,0.14,0.13,0.14,0.15,0.15,0.14,0.15,0.14,0.16318200528621674,0.16917484998703003,0.1664237380027771,0.15960031747817993,0.1943548023700714,0.22655868530273438,0.30358317494392395,0.3255620002746582,0.3634530305862427,0.39565688371658325,0.412087082862854,0.3910001516342163,0.3769930303096771,0.35971516370773315,0.3585033118724823,0.38129156827926636,0.4159718453884125,0.41393420100212097,0.41391438245773315,0.40046706795692444,0.3723037838935852,0.3357672393321991,0.26246020197868347,0.23525956273078918,0.19855116307735443,0.18063688278198242,0.1737883985042572,0.17180301249027252,0.18886598944664001,0.23368412256240845,0.282742977142334,0.3160459101200104,0.33831852674484253,0.3733985126018524,0.37884223461151123,0.3696443736553192,0.3572733700275421,0.34778767824172974,0.3525247275829315,0.35384395718574524,0.39027565717697144,0.40801939368247986,0.39139726758003235,0.3845928907394409,0.35281792283058167,0.29717543721199036,0.2644779086112976,0.21838440001010895,0.20715196430683136,0.18867182731628418,0.164418026804924,0.17243370413780212,0.18103674054145813,0.21178363263607025,0.2650083303451538,0.31568777561187744,0.3517284095287323,0.3845423758029938,0.41949403285980225,0.41707250475883484,0.40285107493400574,0.3953765034675598,0.40351659059524536,0.4232088029384613,0.444618821144104,0.44494494795799255,0.4151135981082916,0.3959735333919525,0.38066864013671875,0.3391048312187195,0.29537054896354675,0.25350621342658997
2020-05-01,0.15,0.15,0.15,0.15,0.13,0.23,0.34,0.27,0.22,0.35,0.36,0.36,0.19,0.18,0.14,0.13,0.15,0.15999999999999998,0.19,0.27,0.3,0.29,0.19,0.14,0.14,0.15,0.14,0.14,0.14,0.24,0.39,0.37,0.24,0.29,0.24,0.33,0.15999999999999998,0.15,0.14,0.15,0.14,0.13,0.14,0.15,0.15,0.14,0.15,0.14,0.14,0.14,0.13,0.14,0.15,0.14,0.14,0.14,0.14,0.14,0.13,0.14,0.14,0.14,0.46,0.52,2.18,0.72,0.28,0.31999999999999995,0.52,0.7,0.24,0.13,0.15957672894001007,0.17839586734771729,0.1804126352071762,0.17316250503063202,0.17067694664001465,0.22008508443832397,0.28356683254241943,0.32509320974349976,0.36729487776756287,0.4213222563266754,0.4118534326553345,0.3632836639881134,0.3427968919277191,0.3116205930709839,0.3121517598628998,0.331358402967453,0.3633716404438019,0.36945709586143494,0.39091411232948303,0.3970196843147278,0.36345353722572327,0.3304779827594757,0.25777801871299744,0.2302977591753006,0.19133666157722473,0.17949824035167694,0.1694362759590149,0.13193391263484955,0.14301082491874695,0.20870627462863922,0.2614186704158783,0.34192490577697754,0.4006142020225525,0.4531060457229614,0.47555306553840637,0.4511827826499939,0.40970057249069214,0.38707444071769714,0.38324838876724243,0.3781642019748688,0.4072429835796356,0.4157536029815674,0.41511696577072144,0.41237112879753113,0.3779168725013733,0.3324945569038391,0.2908346652984619,0.24564038217067719,0.20850470662117004,0.19906021654605865,0.1802167445421219,0.16349168121814728,0.16301171481609344,0.2018989622592926,0.27867740392684937,0.3452114462852478,0.39431244134902954,0.4532739222049713,0.49720752239227295,0.4786584973335266,0.4669683873653412,0.4394068717956543,0.42618295550346375,0.45775309205055237,0.479657381772995,0.48528558015823364,0.4679473042488098,0.43306246399879456,0.4054976999759674,0.36177703738212585,0.29184290766716003,0.2587278187274933
2020-05-02,0.14,0.15,0.14,0.14,0.14,0.24,0.39,0.37,0.24,0.29,0.24,0.33,0.15999999999999998,0.15,0.14,0.15,0.14,0.13,0.14,0.15,0.15,0.14,0.15,0.14,0.14,0.14,0.13,0.14,0.15,0.14,0.14,0.14,0.14,0.14,0.13,0.14,0.14,0.14,0.46,0.52,2.18,0.72,0.28,0.31999999999999995,0.52,0.7,0.24,0.13,0.14,0.14,0.14,0.14,0.14,0.29,0.36,0.37,0.23,0.23,0.2,0.2,0.2,0.17,0.23,0.29,0.17,0.0,0.28,0.29,0.31,0.21,0.15,0.13,0.16534125804901123,0.16424936056137085,0.1569596529006958,0.12549342215061188,0.1328568309545517,0.17445769906044006,0.25012335181236267,0.2874128520488739,0.36622706055641174,0.4219728112220764,0.4373679459095001,0.4220748841762543,0.3990851640701294,0.38262489438056946,0.38304656744003296,0.3922632932662964,0.3900207281112671,0.39326414465904236,0.39527347683906555,0.3903827965259552,0.3598208725452423,0.3061792254447937,0.24427270889282227,0.21541452407836914,0.19740819931030273,0.17051808536052704,0.16709326207637787,0.13647082448005676,0.1530214101076126,0.1981363147497177,0.24908113479614258,0.3253733217716217,0.3694373369216919,0.4199077785015106,0.44672223925590515,0.4418071210384369,0.4385494291782379,0.4201143980026245,0.42845362424850464,0.44768139719963074,0.457584410905838,0.46076667308807373,0.4465835988521576,0.4404430091381073,0.37620770931243896,0.3115091919898987,0.25097209215164185,0.21025541424751282,0.17794598639011383,0.165718212723732,0.15458372235298157,0.15208102762699127,0.17198406159877777,0.2124091237783432,0.3036050498485565,0.3307447135448456,0.32220181822776794,0.3576044738292694,0.3677414357662201,0.3514457941055298,0.31387096643447876,0.3103186786174774,0.3344111144542694,0.36979010701179504,0.39696353673934937,0.42969849705696106,0.43306204676628113,0.4036189615726471,0.38725709915161133,0.32261475920677185,0.25227588415145874,0.19507654011249542
2020-05-03,0.14,0.14,0.13,0.14,0.15,0.14,0.14,0.14,0.14,0.14,0.13,0.14,0.14,0.14,0.46,0.52,2.18,0.72,0.28,0.31999999999999995,0.52,0.7,0.24,0.13,0.14,0.14,0.14,0.14,0.14,0.29,0.36,0.37,0.23,0.23,0.2,0.2,0.2,0.17,0.23,0.29,0.17,0.0,0.28,0.29,0.31,0.21,0.15,0.13,0.15,0.14,0.14,0.15,0.14,0.26,0.33,0.27,0.2,0.2,0.24,0.34,0.22,0.2,0.31,0.25,0.3,0.3,0.18,0.23,0.29,0.28,0.25,0.15,0.15369349718093872,0.14893189072608948,0.1449132263660431,0.1247681975364685,0.1365295946598053,0.18895985186100006,0.26552248001098633,0.31209850311279297,0.37820905447006226,0.39628517627716064,0.41208475828170776,0.40656688809394836,0.3917612135410309,0.3619834780693054,0.3710840940475464,0.3913303315639496,0.3965476155281067,0.39556509256362915,0.38142019510269165,0.36228668689727783,0.310030996799469,0.25496748089790344,0.20579244196414948,0.19256404042243958,0.18467678129673004,0.15763309597969055,0.15386423468589783,0.13077011704444885,0.16354134678840637,0.2268596738576889,0.27009275555610657,0.32137763500213623,0.3375392258167267,0.36296483874320984,0.35792937874794006,0.33485284447669983,0.32296887040138245,0.3073658347129822,0.3222826421260834,0.3508393168449402,0.3794765770435333,0.39200326800346375,0.38676926493644714,0.3607080578804016,0.32157787680625916,0.25871506333351135,0.20723608136177063,0.19154655933380127,0.157232865691185,0.15569435060024261,0.1521967202425003,0.15144705772399902,0.1841755509376526,0.22511279582977295,0.3111043870449066,0.3496533930301666,0.3420599400997162,0.3567088842391968,0.36157774925231934,0.33088091015815735,0.29707154631614685,0.2798776626586914,0.30453526973724365,0.32904890179634094,0.3728315830230713,0.3973177969455719,0.39264002442359924,0.3641636073589325,0.3403782248497009,0.27464398741722107,0.24022726714611053,0.19794386625289917
2020-05-04,0.14,0.14,0.14,0.14,0.14,0.29,0.36,0.37,0.23,0.23,0.2,0.2,0.2,0.17,0.23,0.29,0.17,0.0,0.28,0.29,0.31,0.21,0.15,0.13,0.15,0.14,0.14,0.15,0.14,0.26,0.33,0.27,0.2,0.2,0.24,0.34,0.22,0.2,0.31,0.25,0.3,0.3,0.18,0.23,0.29,0.28,0.25,0.15,0.15999999999999998,0.13,0.15,0.15,0.14,0.24,0.38,0.36,0.21,0.14,0.34,0.33,0.28,0.26,0.22,0.2,0.18,0.14,0.17,0.29,0.46,0.28,0.2,0.15,0.18622690439224243,0.17688414454460144,0.18416789174079895,0.17321830987930298,0.17981310188770294,0.24859540164470673,0.3407575488090515,0.35264256596565247,0.36640772223472595,0.3716409206390381,0.37269386649131775,0.3616746962070465,0.34463465213775635,0.31512388586997986,0.3438073694705963,0.3589123487472534,0.40135055780410767,0.40474456548690796,0.4024866819381714,0.39773374795913696,0.3602287769317627,0.3037819266319275,0.23323814570903778,0.21510790288448334,0.19019271433353424,0.16895517706871033,0.17302314937114716,0.15233169496059418,0.17505034804344177,0.23843517899513245,0.32965749502182007,0.33913230895996094,0.33431485295295715,0.3446906507015228,0.35161736607551575,0.33190518617630005,0.30634257197380066,0.306432843208313,0.3098433315753937,0.3238528072834015,0.3696195185184479,0.39127272367477417,0.39129191637039185,0.3907601535320282,0.34471404552459717,0.29857203364372253,0.27241817116737366,0.2428065985441208,0.21701353788375854,0.21251533925533295,0.20650328695774078,0.1891188770532608,0.2153138965368271,0.270474374294281,0.34335583448410034,0.3588706851005554,0.3481566309928894,0.34848976135253906,0.3557039201259613,0.34521669149398804,0.3326367735862732,0.31075549125671387,0.3157101571559906,0.3447953760623932,0.38064485788345337,0.4019830822944641,0.3978266716003418,0.3760191798210144,0.37647369503974915,0.3279942274093628,0.27736228704452515,0.24128809571266174
2020-05-05,0.15,0.14,0.14,0.15,0.14,0.26,0.33,0.27,0.2,0.2,0.24,0.34,0.22,0.2,0.31,0.25,0.3,0.3,0.18,0.23,0.29,0.28,0.25,0.15,0.15999999999999998,0.13,0.15,0.15,0.14,0.24,0.38,0.36,0.21,0.14,0.34,0.33,0.28,0.26,0.22,0.2,0.18,0.14,0.17,0.29,0.46,0.28,0.2,0.15,0.19,0.19,0.18,0.15,0.15,0.24,0.31999999999999995,0.54,0.49,0.31,0.15,0.17,0.17,0.22,0.31,0.18,0.2,0.23,0.25,0.22,0.25,0.28,0.17,0.15,0.12825356423854828,0.14746274054050446,0.14915260672569275,0.14603503048419952,0.18788012862205505,0.2435378134250641,0.30161410570144653,0.31093186140060425,0.32996824383735657,0.3275270462036133,0.31825608015060425,0.3034283518791199,0.2674827575683594,0.2628619074821472,0.27208220958709717,0.29454711079597473,0.3371770679950714,0.3722207844257355,0.39128682017326355,0.38734424114227295,0.3544100821018219,0.30926525592803955,0.24665719270706177,0.20694804191589355,0.17457380890846252,0.16464713215827942,0.14906981587409973,0.1506647914648056,0.19475403428077698,0.24985957145690918,0.3082209527492523,0.3335084915161133,0.33727556467056274,0.33271148800849915,0.3294726312160492,0.3069557249546051,0.28709033131599426,0.2715674042701721,0.2824154198169708,0.3043293356895447,0.3383811414241791,0.3905439078807831,0.39903756976127625,0.3960690200328827,0.36107337474823,0.3039565980434418,0.2591380178928375,0.2116653472185135,0.17544423043727875,0.16089145839214325,0.1405554711818695,0.14930987358093262,0.18498443067073822,0.24242693185806274,0.31383171677589417,0.3479849398136139,0.3465471863746643,0.3467012047767639,0.3447335362434387,0.32013392448425293,0.29108887910842896,0.29142555594444275,0.3001517355442047,0.31810060143470764,0.35206249356269836,0.38828951120376587,0.39996105432510376,0.3938170075416565,0.37934884428977966,0.3224923312664032,0.2786262631416321,0.22772254049777985
2020-05-06,0.15999999999999998,0.13,0.15,0.15,0.14,0.24,0.38,0.36,0.21,0.14,0.34,0.33,0.28,0.26,0.22,0.2,0.18,0.14,0.17,0.29,0.46,0.28,0.2,0.15,0.19,0.19,0.18,0.15,0.15,0.24,0.31999999999999995,0.54,0.49,0.31,0.15,0.17,0.17,0.22,0.31,0.18,0.2,0.23,0.25,0.22,0.25,0.28,0.17,0.15,0.15,0.15,0.15,0.14,0.14,0.24,0.51,1.67,1.67,0.42,0.27,0.35,0.24,0.21,0.23,0.29,0.39,0.23,0.28,0.28,0.25,0.28,0.26,0.15,0.1564115583896637,0.15369819104671478,0.14923904836177826,0.13444526493549347,0.17423942685127258,0.2359699159860611,0.30653369426727295,0.3097575604915619,0.3199933171272278,0.31565138697624207,0.3082902431488037,0.29873883724212646,0.27150440216064453,0.2550189793109894,0.2640230059623718,0.2899053692817688,0.3321184813976288,0.3576223850250244,0.3698301315307617,0.3719261586666107,0.34287360310554504,0.3141992688179016,0.2479720562696457,0.20968535542488098,0.18278974294662476,0.15519583225250244,0.1525217592716217,0.1434597373008728,0.1827458292245865,0.25182393193244934,0.3084765076637268,0.32844433188438416,0.323677122592926,0.3220403790473938,0.327278196811676,0.3082801401615143,0.282910019159317,0.27945372462272644,0.2796734571456909,0.2963121831417084,0.334818035364151,0.3752513527870178,0.3811999261379242,0.37341800332069397,0.35026872158050537,0.31404975056648254,0.271920770406723,0.2376536726951599,0.2021382600069046,0.18127556145191193,0.15933258831501007,0.1549350768327713,0.18463434278964996,0.2353053092956543,0.30715709924697876,0.33542388677597046,0.31220388412475586,0.3228904902935028,0.3261581063270569,0.3154012858867645,0.28345543146133423,0.28101181983947754,0.28189587593078613,0.30533739924430847,0.3419652283191681,0.3624740540981293,0.3589673936367035,0.35793760418891907,0.34389761090278625,0.31931641697883606,0.28742516040802,0.2446562945842743
2020-05-07,0.19,0.19,0.18,0.15,0.15,0.24,0.31999999999999995,0.54,0.49,0.31,0.15,0.17,0.17,0.22,0.31,0.18,0.2,0.23,0.25,0.22,0.25,0.28,0.17,0.15,0.15,0.15,0.15,0.14,0.14,0.24,0.51,1.67,1.67,0.42,0.27,0.35,0.24,0.21,0.23,0.29,0.39,0.23,0.28,0.28,0.25,0.28,0.26,0.15,0.14,0.14,0.15,0.15,0.15,0.25,0.28,0.31,0.37,0.29,0.15,0.27,0.24,0.29,0.28,0.22,0.31999999999999995,0.53,0.5,0.31999999999999995,0.36,0.27,0.19,0.18,0.1783367395401001,0.1701277196407318,0.16606448590755463,0.1559915691614151,0.19805479049682617,0.2467353790998459,0.32395291328430176,0.3296208381652832,0.3449087142944336,0.3423078954219818,0.3346058428287506,0.31434452533721924,0.2846772074699402,0.27122923731803894,0.27980026602745056,0.31125152111053467,0.3502955734729767,0.36844873428344727,0.38189154863357544,0.3717169761657715,0.3476458489894867,0.31561407446861267,0.2514955699443817,0.22934362292289734,0.19205637276172638,0.17778553068637848,0.17831796407699585,0.16688527166843414,0.20530997216701508,0.2564188838005066,0.31649908423423767,0.3316970467567444,0.3245023190975189,0.32912054657936096,0.3264186680316925,0.3024713695049286,0.279286652803421,0.2725721001625061,0.27548667788505554,0.2788139581680298,0.31987541913986206,0.3505149781703949,0.34250494837760925,0.3419983685016632,0.3197140395641327,0.27675288915634155,0.2562159597873688,0.22845359146595,0.22023501992225647,0.2063654065132141,0.1828548163175583,0.1850648820400238,0.20058132708072662,0.2442612648010254,0.3064688742160797,0.33941733837127686,0.34738051891326904,0.36355993151664734,0.38443803787231445,0.36408594250679016,0.35314086079597473,0.3372437655925751,0.33967316150665283,0.35226309299468994,0.3738734722137451,0.37793272733688354,0.35232263803482056,0.34709855914115906,0.337214857339859,0.3042643368244171,0.2861112654209137,0.25308436155319214
2020-05-08,0.15,0.15,0.15,0.14,0.14,0.24,0.51,1.67,1.67,0.42,0.27,0.35,0.24,0.21,0.23,0.29,0.39,0.23,0.28,0.28,0.25,0.28,0.26,0.15,0.14,0.14,0.15,0.15,0.15,0.25,0.28,0.31,0.37,0.29,0.15,0.27,0.24,0.29,0.28,0.22,0.31999999999999995,0.53,0.5,0.31999999999999995,0.36,0.27,0.19,0.18,0.14,0.15,0.15,0.15999999999999998,0.15999999999999998,0.15999999999999998,0.45,0.27,0.28,0.18,0.25,0.15,0.13,0.15,0.15,0.18,0.21,0.18,0.29,0.27,0.28,0.18,0.15,0.14,0.1864130198955536,0.22183288633823395,0.24132214486598969,0.23828724026679993,0.2521580159664154,0.3006751239299774,0.3429596424102783,0.3456713855266571,0.3461235463619232,0.3487645387649536,0.32412636280059814,0.2772681713104248,0.2650626599788666,0.25630173087120056,0.2780064642429352,0.3294711410999298,0.3687809109687805,0.3777827322483063,0.3668231964111328,0.35793784260749817,0.3173392117023468,0.289621502161026,0.23803584277629852,0.2170846164226532,0.21097788214683533,0.2092025876045227,0.19806288182735443,0.18258029222488403,0.2058781087398529,0.26401394605636597,0.30623456835746765,0.349783331155777,0.3647203743457794,0.37575387954711914,0.3830767571926117,0.3551754951477051,0.34408292174339294,0.3367656469345093,0.37495025992393494,0.40599364042282104,0.43827730417251587,0.43059200048446655,0.4289664030075073,0.3928042948246002,0.35025256872177124,0.2991567552089691,0.25347355008125305,0.22974805533885956,0.20449954271316528,0.2013169229030609,0.19264571368694305,0.18145118653774261,0.196519136428833,0.23652495443820953,0.29479163885116577,0.3276018798351288,0.34204259514808655,0.3696223795413971,0.3960281312465668,0.38544902205467224,0.3992028832435608,0.41214022040367126,0.4512830972671509,0.507566511631012,0.5560801029205322,0.5627050995826721,0.5183522701263428,0.4718194603919983,0.4199781119823456,0.3637756407260895,0.29739534854888916,0.26931819319725037
2020-05-09,0.14,0.14,0.15,0.15,0.15,0.25,0.28,0.31,0.37,0.29,0.15,0.27,0.24,0.29,0.28,0.22,0.31999999999999995,0.53,0.5,0.31999999999999995,0.36,0.27,0.19,0.18,0.14,0.15,0.15,0.15999999999999998,0.15999999999999998,0.15999999999999998,0.45,0.27,0.28,0.18,0.25,0.15,0.13,0.15,0.15,0.18,0.21,0.18,0.29,0.27,0.28,0.18,0.15,0.14,0.14,0.15,0.15,0.14,0.15,0.33,0.37,0.49,0.21,0.23,0.27,0.3,0.23,0.27,0.28,0.29,0.39,0.0,0.61,0.42,0.27,0.24,0.15999999999999998,0.15,0.18065519630908966,0.195094496011734,0.20051270723342896,0.1807725578546524,0.20175421237945557,0.27609387040138245,0.3656770586967468,0.3919755816459656,0.44104719161987305,0.4603015184402466,0.44636669754981995,0.4443972706794739,0.40773531794548035,0.3861899673938751,0.39380109310150146,0.4138079583644867,0.4243563115596771,0.44680580496788025,0.44751060009002686,0.42171531915664673,0.3697991967201233,0.3131856918334961,0.25932368636131287,0.23189519345760345,0.22181440889835358,0.21170607209205627,0.21995900571346283,0.18982070684432983,0.2303365170955658,0.30172914266586304,0.3634127080440521,0.4253405034542084,0.4370611310005188,0.4430553913116455,0.46247026324272156,0.4593392312526703,0.4564970135688782,0.43212294578552246,0.4461390972137451,0.48058977723121643,0.4971890151500702,0.5106288194656372,0.481987327337265,0.46550416946411133,0.3867599666118622,0.3153744041919708,0.2656235694885254,0.23253728449344635,0.21460707485675812,0.22207950055599213,0.21330951154232025,0.22469179332256317,0.25658974051475525,0.3117063641548157,0.412639856338501,0.4249846339225769,0.3601256012916565,0.35904303193092346,0.35011008381843567,0.3356015086174011,0.30903398990631104,0.3101885914802551,0.33959874510765076,0.37927505373954773,0.4280305802822113,0.46846312284469604,0.457957923412323,0.4078889489173889,0.37461113929748535,0.2965109348297119,0.24446211755275726,0.20326028764247894
2020-05-10,0.14,0.15,0.15,0.15999999999999998,0.15999999999999998,0.15999999999999998,0.45,0.27,0.28,0.18,0.25,0.15,0.13,0.15,0.15,0.18,0.21,0.18,0.29,0.27,0.28,0.18,0.15,0.14,0.14,0.15,0.15,0.14,0.15,0.33,0.37,0.49,0.21,0.23,0.27,0.3,0.23,0.27,0.28,0.29,0.39,0.0,0.61,0.42,0.27,0.24,0.15999999999999998,0.15,0.15,0.15,0.15,0.15,0.14,0.2,0.35,0.46,0.3,0.31999999999999995,0.3,0.23,0.26,0.27,0.29,0.35,0.34,0.33,0.28,0.29,0.31,0.24,0.17,0.13,0.17474184930324554,0.17114801704883575,0.17265580594539642,0.1712401658296585,0.20095884799957275,0.275361031293869,0.36230888962745667,0.3990481495857239,0.4364880621433258,0.43744000792503357,0.4475023150444031,0.4592949151992798,0.44880998134613037,0.4346945881843567,0.46482279896736145,0.5063748955726624,0.5464460849761963,0.5570230484008789,0.5327338576316833,0.4796430468559265,0.38226449489593506,0.3093014359474182,0.24327051639556885,0.22667115926742554,0.21047066152095795,0.181527242064476,0.18750235438346863,0.17672240734100342,0.22297067940235138,0.2951197922229767,0.3434893786907196,0.36139774322509766,0.33986496925354004,0.329295814037323,0.32043108344078064,0.3097716271877289,0.3027286231517792,0.3038211166858673,0.34301313757896423,0.4051668345928192,0.47386887669563293,0.5051181316375732,0.4882529675960541,0.4385223686695099,0.3676336407661438,0.2802988588809967,0.2321116179227829,0.2075057476758957,0.18109209835529327,0.1841503083705902,0.18171973526477814,0.2073451429605484,0.24595507979393005,0.30674296617507935,0.3882041275501251,0.4019392132759094,0.3536437153816223,0.32721805572509766,0.319413959980011,0.29266536235809326,0.273796021938324,0.2685213088989258,0.31082475185394287,0.36659735441207886,0.43953758478164673,0.48975256085395813,0.47532564401626587,0.42424890398979187,0.3802966773509979,0.2905968725681305,0.2515683174133301,0.2202702760696411
2020-05-11,0.14,0.15,0.15,0.14,0.15,0.33,0.37,0.49,0.21,0.23,0.27,0.3,0.23,0.27,0.28,0.29,0.39,0.0,0.61,0.42,0.27,0.24,0.15999999999999998,0.15,0.15,0.15,0.15,0.15,0.14,0.2,0.35,0.46,0.3,0.31999999999999995,0.3,0.23,0.26,0.27,0.29,0.35,0.34,0.33,0.28,0.29,0.31,0.24,0.17,0.13,0.15,0.15999999999999998,0.15999999999999998,0.14,0.15,0.28,0.38,0.41,0.33,0.41,1.95,0.95,0.28,0.28,0.28,0.28,0.28,0.28,0.3,0.29,0.29,0.28,0.17,0.15,0.14196588099002838,0.14741729199886322,0.16569025814533234,0.16328701376914978,0.1989586502313614,0.2731113135814667,0.3579643666744232,0.35428106784820557,0.35435909032821655,0.3335961699485779,0.31089460849761963,0.290299654006958,0.2638119161128998,0.24725916981697083,0.28384482860565186,0.30791786313056946,0.3565528094768524,0.37899115681648254,0.38534677028656006,0.37708142399787903,0.3456331789493561,0.29294610023498535,0.23606465756893158,0.20570959150791168,0.18611787259578705,0.16390371322631836,0.17179924249649048,0.1659025251865387,0.21769975125789642,0.2916708290576935,0.37112465500831604,0.37989258766174316,0.3560771644115448,0.33596721291542053,0.3274236023426056,0.29014143347740173,0.2720385193824768,0.261768102645874,0.28603678941726685,0.3119533658027649,0.35663509368896484,0.3948226869106293,0.39879074692726135,0.3931986391544342,0.34873291850090027,0.29589584469795227,0.2633731961250305,0.22967247664928436,0.19325178861618042,0.18609578907489777,0.18341906368732452,0.1835973858833313,0.2359011322259903,0.30030304193496704,0.3932510316371918,0.4050125777721405,0.37066850066185,0.346781849861145,0.33501046895980835,0.30669787526130676,0.2788453996181488,0.27056777477264404,0.2940531373023987,0.3211597800254822,0.37873485684394836,0.41038191318511963,0.4079616963863373,0.3920345604419708,0.3841968774795532,0.32865506410598755,0.29116708040237427,0.24339930713176727
2020-05-12,0.15,0.15,0.15,0.15,0.14,0.2,0.35,0.46,0.3,0.31999999999999995,0.3,0.23,0.26,0.27,0.29,0.35,0.34,0.33,0.28,0.29,0.31,0.24,0.17,0.13,0.15,0.15999999999999998,0.15999999999999998,0.14,0.15,0.28,0.38,0.41,0.33,0.41,1.95,0.95,0.28,0.28,0.28,0.28,0.28,0.28,0.3,0.29,0.29,0.28,0.17,0.15,0.21,0.18,0.19,0.17,0.15999999999999998,0.17,0.31999999999999995,0.37,0.21,0.22,0.23,0.18,0.27,0.22,0.2,0.3,0.56,0.59,0.53,0.3,0.29,0.3,0.17,0.15999999999999998,0.13405747711658478,0.16012389957904816,0.16484622657299042,0.17113423347473145,0.2232014387845993,0.3000950813293457,0.36765649914741516,0.36767542362213135,0.362775981426239,0.33451756834983826,0.30908334255218506,0.2976170778274536,0.2553721070289612,0.2552315890789032,0.2742042541503906,0.31036248803138733,0.36970090866088867,0.41479215025901794,0.4309040606021881,0.4094373881816864,0.35740113258361816,0.30799347162246704,0.2475423663854599,0.2117893546819687,0.18469791114330292,0.18232479691505432,0.1690143346786499,0.1762649565935135,0.23944228887557983,0.31056562066078186,0.3801133930683136,0.39148634672164917,0.37121063470840454,0.3395034968852997,0.32555946707725525,0.30511724948883057,0.2820318341255188,0.2691628336906433,0.2878320813179016,0.32540163397789,0.37066635489463806,0.4313789904117584,0.42994871735572815,0.4125244915485382,0.3633745014667511,0.2999368906021118,0.2640094757080078,0.22013626992702484,0.19291377067565918,0.18700070679187775,0.1618168205022812,0.18507228791713715,0.2330927699804306,0.30537956953048706,0.38576725125312805,0.4088328182697296,0.37629956007003784,0.35031285881996155,0.3367922008037567,0.313670814037323,0.2866303622722626,0.2894963026046753,0.30330413579940796,0.332772821187973,0.37740740180015564,0.4187488257884979,0.41907814145088196,0.39892515540122986,0.3726799190044403,0.30669283866882324,0.27131813764572144,0.2312943935394287
2020-05-13,0.15,0.15999999999999998,0.15999999999999998,0.14,0.15,0.28,0.38,0.41,0.33,0.41,1.95,0.95,0.28,0.28,0.28,0.28,0.28,0.28,0.3,0.29,0.29,0.28,0.17,0.15,0.21,0.18,0.19,0.17,0.15999999999999998,0.17,0.31999999999999995,0.37,0.21,0.22,0.23,0.18,0.27,0.22,0.2,0.3,0.56,0.59,0.53,0.3,0.29,0.3,0.17,0.15999999999999998,0.14,0.17,0.18,0.18,0.18,0.22,0.35,0.31999999999999995,0.25,0.21,0.35,0.31,0.27,0.26,0.27,0.28,0.27,0.17,0.24,0.31999999999999995,0.35,0.33,0.21,0.15,0.12774690985679626,0.1451558917760849,0.1436324119567871,0.13330073654651642,0.1838974803686142,0.2833353877067566,0.39785245060920715,0.4188201427459717,0.43069812655448914,0.402618944644928,0.36120834946632385,0.3239190876483917,0.27247291803359985,0.2531279921531677,0.26568010449409485,0.3069300949573517,0.36378657817840576,0.3939933180809021,0.4086427092552185,0.39004698395729065,0.3318614959716797,0.29076293110847473,0.22349613904953003,0.19538217782974243,0.17522373795509338,0.16477082669734955,0.1599409431219101,0.14203248918056488,0.20360420644283295,0.3067338466644287,0.3963364362716675,0.4398764371871948,0.4326554834842682,0.4119115471839905,0.3893273174762726,0.3465868830680847,0.30146968364715576,0.29634007811546326,0.29610398411750793,0.3285403251647949,0.3776165843009949,0.43108507990837097,0.42087453603744507,0.39654111862182617,0.34835126996040344,0.30052703619003296,0.2618880867958069,0.23622991144657135,0.22122837603092194,0.21157044172286987,0.1807505488395691,0.18243055045604706,0.22199630737304688,0.2979776859283447,0.4143577814102173,0.4613010287284851,0.4240994453430176,0.4145316183567047,0.4012262225151062,0.3653882145881653,0.31483525037765503,0.3130147457122803,0.32191288471221924,0.36005666851997375,0.4038311541080475,0.4330429434776306,0.41250157356262207,0.39009058475494385,0.34921708703041077,0.3150797188282013,0.289398729801178,0.25407102704048157
2020-05-14,0.21,0.18,0.19,0.17,0.15999999999999998,0.17,0.31999999999999995,0.37,0.21,0.22,0.23,0.18,0.27,0.22,0.2,0.3,0.56,0.59,0.53,0.3,0.29,0.3,0.17,0.15999999999999998,0.14,0.17,0.18,0.18,0.18,0.22,0.35,0.31999999999999995,0.25,0.21,0.35,0.31,0.27,0.26,0.27,0.28,0.27,0.17,0.24,0.31999999999999995,0.35,0.33,0.21,0.15,0.15,0.15,0.15,0.15,0.15,0.15,0.3,0.35,0.34,0.24,0.15,0.15999999999999998,0.43,0.38,0.34,0.36,0.54,0.39,0.28,0.35,0.38,0.37,0.31999999999999995,0.23,0.16553927958011627,0.17989176511764526,0.17818418145179749,0.1725427657365799,0.2301444113254547,0.2953560948371887,0.4048841893672943,0.4311375021934509,0.45633891224861145,0.4530661404132843,0.4406431019306183,0.3989998996257782,0.3616216480731964,0.3449663817882538,0.3450084626674652,0.3879457414150238,0.44398975372314453,0.45602336525917053,0.46517983078956604,0.4383572041988373,0.3805846571922302,0.3331548571586609,0.2551428973674774,0.2344595342874527,0.19834035634994507,0.18781767785549164,0.18032902479171753,0.17822986841201782,0.2260957956314087,0.30018144845962524,0.3756858706474304,0.41988852620124817,0.4255596697330475,0.4330684542655945,0.40972989797592163,0.378508985042572,0.3485296666622162,0.335173100233078,0.33825451135635376,0.3587825298309326,0.41682544350624084,0.4548739790916443,0.43619441986083984,0.4151061177253723,0.3638347089290619,0.3016558289527893,0.2743864953517914,0.2357454150915146,0.24400795996189117,0.22826984524726868,0.19409295916557312,0.20866981148719788,0.22861313819885254,0.28600916266441345,0.37429100275039673,0.4310367703437805,0.43929237127304077,0.4453289806842804,0.4682081341743469,0.4444575607776642,0.4133242666721344,0.4050186276435852,0.4199064075946808,0.45331674814224243,0.4828377962112427,0.49657148122787476,0.45776766538619995,0.4281342029571533,0.3947297930717468,0.34868159890174866,0.31914493441581726,0.2873823046684265
2020-05-15,0.14,0.17,0.18,0.18,0.18,0.22,0.35,0.31999999999999995,0.25,0.21,0.35,0.31,0.27,0.26,0.27,0.28,0.27,0.17,0.24,0.31999999999999995,0.35,0.33,0.21,0.15,0.15,0.15,0.15,0.15,0.15,0.15,0.3,0.35,0.34,0.24,0.15,0.15999999999999998,0.43,0.38,0.34,0.36,0.54,0.39,0.28,0.35,0.38,0.37,0.31999999999999995,0.23,0.17,0.17,0.18,0.15,0.15999999999999998,0.26,0.34,0.42,0.3,0.3,0.36,0.41,1.43,0.28,0.29,0.31,0.31,0.31,0.35,0.28,0.29,0.31999999999999995,0.2,0.18,0.14686867594718933,0.17849750816822052,0.20002537965774536,0.20979709923267365,0.22261017560958862,0.2820430397987366,0.36431968212127686,0.392168253660202,0.4083225727081299,0.43134042620658875,0.4047946035861969,0.3613990545272827,0.3449366092681885,0.3235826790332794,0.34586161375045776,0.3781684935092926,0.4384289085865021,0.4588285982608795,0.478010356426239,0.4493294954299927,0.3699161410331726,0.3146013915538788,0.23740141093730927,0.2355201244354248,0.20642463862895966,0.20121926069259644,0.20740140974521637,0.18741554021835327,0.21331177651882172,0.293796181678772,0.34313735365867615,0.4107612669467926,0.4439176917076111,0.4636287987232208,0.46924707293510437,0.4499454200267792,0.41450929641723633,0.40568384528160095,0.39578890800476074,0.4111561179161072,0.46813270449638367,0.49715250730514526,0.47386303544044495,0.45665204524993896,0.3753904700279236,0.31045299768447876,0.27755677700042725,0.23736584186553955,0.22878892719745636,0.23064425587654114,0.21078741550445557,0.21356086432933807,0.22206319868564606,0.2741558849811554,0.35285529494285583,0.4067244529724121,0.4166553318500519,0.43282708525657654,0.45861658453941345,0.44812875986099243,0.4365202486515045,0.41410648822784424,0.4139094650745392,0.45396342873573303,0.49262240529060364,0.5173195004463196,0.4922455847263336,0.4389250576496124,0.38980263471603394,0.33217260241508484,0.2642694413661957,0.26482751965522766
2020-05-16,0.15,0.15,0.15,0.15,0.15,0.15,0.3,0.35,0.34,0.24,0.15,0.15999999999999998,0.43,0.38,0.34,0.36,0.54,0.39,0.28,0.35,0.38,0.37,0.31999999999999995,0.23,0.17,0.17,0.18,0.15,0.15999999999999998,0.26,0.34,0.42,0.3,0.3,0.36,0.41,1.43,0.28,0.29,0.31,0.31,0.31,0.35,0.28,0.29,0.31999999999999995,0.2,0.18,0.17,0.18,0.15999999999999998,0.15999999999999998,0.18,0.23,0.31,0.37,0.24,0.4,0.0,0.34,0.31,0.29,0.25,0.31,0.5700000000000001,0.22,0.28,0.28,0.31,0.24,0.15999999999999998,0.15999999999999998,0.16917824745178223,0.19277922809123993,0.19766373932361603,0.18153904378414154,0.19068248569965363,0.2622249126434326,0.34398889541625977,0.36777809262275696,0.42318207025527954,0.44159430265426636,0.4292389154434204,0.421325147151947,0.38603681325912476,0.37119320034980774,0.3854171633720398,0.4148677885532379,0.43408238887786865,0.4493643343448639,0.4487342834472656,0.4274423122406006,0.3694199323654175,0.3146389126777649,0.25418663024902344,0.2217656970024109,0.21013286709785461,0.2058674693107605,0.2000179886817932,0.17052210867404938,0.20638135075569153,0.266935259103775,0.3282861113548279,0.38545462489128113,0.4041890501976013,0.4177272915840149,0.43732744455337524,0.431741863489151,0.42211419343948364,0.4079543352127075,0.4267076551914215,0.470673143863678,0.4866916537284851,0.4998261630535126,0.47526049613952637,0.4487522840499878,0.3753560483455658,0.3078573942184448,0.25336334109306335,0.21756452322006226,0.2030610293149948,0.2162337452173233,0.20716592669487,0.22217564284801483,0.25008440017700195,0.302609384059906,0.3996362090110779,0.41453486680984497,0.3663134276866913,0.3704489469528198,0.37035298347473145,0.35544466972351074,0.333031564950943,0.34337279200553894,0.3792687654495239,0.42658504843711853,0.47163769602775574,0.5133504271507263,0.4936715364456177,0.4408722221851349,0.39930474758148193,0.320553183555603,0.25401368737220764,0.20414236187934875
2020-05-17,0.17,0.17,0.18,0.15,0.15999999999999998,0.26,0.34,0.42,0.3,0.3,0.36,0.41,1.43,0.28,0.29,0.31,0.31,0.31,0.35,0.28,0.29,0.31999999999999995,0.2,0.18,0.17,0.18,0.15999999999999998,0.15999999999999998,0.18,0.23,0.31,0.37,0.24,0.4,0.0,0.34,0.31,0.29,0.25,0.31,0.5700000000000001,0.22,0.28,0.28,0.31,0.24,0.15999999999999998,0.15999999999999998,0.15999999999999998,0.15999999999999998,0.15,0.15999999999999998,0.15,0.29,0.37,0.36,0.22,0.24,0.23,0.25,0.2,0.15,0.3,0.74,0.31,0.28,0.26,0.28,0.28,0.31999999999999995,0.19,0.15,0.21182413399219513,0.18673573434352875,0.1712791621685028,0.16060374677181244,0.17623072862625122,0.2585384249687195,0.3453660309314728,0.3909111022949219,0.43430641293525696,0.4330804646015167,0.4317900836467743,0.4318785071372986,0.4299284815788269,0.4185078740119934,0.436988890171051,0.48776382207870483,0.5243774652481079,0.5303728580474854,0.5085938572883606,0.4670519232749939,0.3761632740497589,0.3085785508155823,0.24463631212711334,0.22671231627464294,0.20758037269115448,0.1828916072845459,0.18965941667556763,0.16845743358135223,0.2128925919532776,0.29034021496772766,0.35351723432540894,0.37723058462142944,0.36192527413368225,0.3602045774459839,0.3435300886631012,0.33150437474250793,0.32132649421691895,0.3378443717956543,0.37848350405693054,0.42988696694374084,0.4963303804397583,0.5173261761665344,0.5007787942886353,0.4477982819080353,0.38561534881591797,0.3025830388069153,0.24606549739837646,0.21812184154987335,0.1906789243221283,0.19994337856769562,0.1941058337688446,0.21556325256824493,0.250633180141449,0.3065195381641388,0.39334776997566223,0.4157339930534363,0.3721173107624054,0.3519338369369507,0.3487049341201782,0.3159045875072479,0.30327051877975464,0.2989256680011749,0.34495455026626587,0.4062321186065674,0.4698036313056946,0.5152697563171387,0.48750144243240356,0.4357430636882782,0.3921367824077606,0.30334797501564026,0.2583441734313965,0.21751347184181213
